"","participant","X.2","X.1","X","between","within","overall_pointing","Overall_rsquared","Overall_angle","Batty_rsquared","Batty_angle","Golledge_rsquared","Golledge_angle","Condition","First_Building_in_model.building","Pilot","sex","first_route","Overall_angle_corrected","Batty_angle_corrected","Golledge_angle_corrected","first_connecting_route","correct_absolute_error_other","condition_all","exp","Video_Game_Play","group","SBSOD_avg"
"1",4,1,1,1,46.1080401450309,27.4408770368617,38.107827384387,0.677732314972441,-35.1157193057612,0.861616427882391,-28.8479302421754,0.670158770594705,-31.3838214066816,"No","","No","female","Batty",324.884280694239,331.152069757825,328.616178593318,"C2",NA,"Control","Exp1","No","Control",4.33333333333333
"2",5,2,2,2,53.6933082879943,5.8153118944116,33.1741669764589,0.849313874197458,-35.2826235175,0.92073783802521,-29.5793627996155,0.749944959714413,-33.2961145037498,"Yes","","No","female","Batty",324.7173764825,330.420637200384,326.70388549625,"C2",NA,"Compass","Exp1","No","Experiment",2.53333333333333
"3",6,3,3,3,40.8408056246535,18.6940378714542,31.3493337304252,0.831187109420769,1.02362616041909,0.618699536967951,20.4081554945194,0.904485746062667,-19.0584766776792,"No","","No","male","Golledge",1.02362616041909,20.4081554945194,340.941523322321,"C1",NA,"Control","Exp1","Yes","Control",3.46666666666667
"4",7,4,4,4,19.9133388834965,4.71469797895554,13.3996356386932,0.963227803979203,-26.8052902328399,0.944017290454309,-32.9862867221862,0.963392552004677,-33.3596437918674,"Yes","","No","male","Batty",333.19470976716,327.013713277814,326.640356208133,"C1",NA,"Compass","Exp1","Yes","Experiment",2.4
"5",13,5,5,5,73.341799758016,16.9764310169742,49.1852131547124,0.106355320641862,41.7633112300466,0.647203831352624,-38.1395575845686,0.609939400005719,217.30152295516,"Yes","","No","male","Batty",41.7633112300466,321.860442415431,217.30152295516,"C1",NA,"Compass","Exp1","No","Experiment",4.6
"6",14,6,6,6,22.3778756548235,13.495560756602,18.5711692698714,0.875851240332493,136.76603601405,0.921933296926465,137.366070812868,0.877188280200114,98.6166526025135,"No","","No","male","Batty",136.76603601405,137.366070812868,98.6166526025135,"C2",NA,"Control","Exp1","No","Control",3.13333333333333
"7",15,7,7,7,54.7738383653006,40.3090731543638,48.5746532748991,0.528904581652717,-56.3970683879604,0.934664884396195,-48.4187773895383,0.0917625024149042,-79.0392700421139,"Yes","","No","female","Batty",303.60293161204,311.581222610462,280.960729957886,"C1",NA,"Compass","Exp1","No","Experiment",2.86666666666667
"8",16,8,8,8,85.0444116160125,11.3165991521049,53.4467777029093,0.301723255685095,53.7288399000355,0.638940738707791,-15.8474561560816,0.910931137661769,208.355234113455,"No","","No","male","Batty",53.7288399000355,344.152543843918,208.355234113455,"C2",NA,"Control","Exp1","No","Control",3.06666666666667
"9",17,9,9,9,16.5232893823629,9.19737119060784,13.383610157325,0.950748115512161,-33.4146674660208,0.938559611131453,-43.6678209898393,0.813368524475606,-22.9771736376752,"Yes","","No","female","Golledge",326.585332533979,316.332179010161,337.022826362325,"C2",NA,"Compass","Exp1","No","Experiment",2.93333333333333
"10",19,10,10,10,61.624396528393,56.201177849637,59.3001599517833,0.694518313539834,28.7062566404655,0.801383949024899,21.6894273958565,0.0789162418926669,110.330152615278,"Yes","","No","female","Golledge",28.7062566404655,21.6894273958565,110.330152615278,"C2",NA,"Compass","Exp1","No","Experiment",4
"11",20,11,11,11,39.4576352708621,45.1435417616102,41.8944523383256,0.785956983957203,-50.5013565569436,0.768397130299236,-43.8165377614743,0.972845857147467,-72.1564186627033,"No","","No","female","Golledge",309.498643443056,316.183462238526,287.843581337297,"C1",NA,"Control","Exp1","No","Control",5.93333333333333
"12",22,12,12,12,74.4736915060876,47.3596884656763,62.8534044887685,0.0205986855934947,-53.2481540800305,0.231533776729725,-88.03035842059,0.85746651927242,192.583911643283,"No","","No","male","Golledge",306.751845919969,271.96964157941,192.583911643283,"C1",NA,"Control","Exp1","No","Control",3
"13",23,13,13,13,54.9410387733526,25.7672623549409,42.4379917368904,0.324124981227231,10.8999822503929,0.79361334896994,-66.8844368677845,0.950948689643297,25.5070020250042,"Yes","Sauer Center","No","female","Golledge",10.8999822503929,293.115563132215,25.5070020250042,"C1",NA,"Compass","Exp1","No","Experiment",5.06666666666667
"14",24,14,14,14,67.4602663871345,26.7746595183111,50.0235777290673,0.708089321926145,236.808673216467,0.693579025118388,262.136152116401,0.464963015010421,-85.5817679660269,"No","Sauer Center","No","female","Golledge",236.808673216467,262.136152116401,274.418232033973,"C2",NA,"Control","Exp1","No","Control",4.46666666666667
"15",26,15,15,15,17.1006567106566,15.3172587901264,16.3363433161437,0.835292582145059,27.5937502751873,0.913166572084172,81.6371574224695,0.968905091893842,8.91506033743308,"No","Golledge Hall","No","male","Golledge",27.5937502751873,81.6371574224695,8.91506033743308,"C2",NA,"Control","Exp1","No","Control",4.53333333333333
"16",28,16,16,16,68.6371031082334,14.0623106099042,45.2479063232352,0.407543103020039,169.873091293451,0.14626660710056,72.1866875591201,0.952732672500256,-77.6835694339683,"No","Sauer Center","No","male","Batty",169.873091293451,72.1866875591201,282.316430566032,"C2",NA,"Control","Exp1","No","Control",2.66666666666667
"17",29,17,17,17,79.1421650716236,6.81573812308943,48.1451249508233,0.695997621287173,180.549070701007,0.777763883157455,249.925288857609,0.883690106971947,198.888094782221,"Yes","Harvey House","No","female","Golledge",180.549070701007,249.925288857609,198.888094782221,"C1",NA,"Compass","Exp1","No","Experiment",4.53333333333333
"18",30,18,18,18,62.3539963313033,20.5709011078088,44.4469555212342,0.475750147048113,58.5786952908118,0.881126809235977,47.4479531356305,0.803043950288474,-66.6065506652196,"No","Batty House","No","female","Batty",58.5786952908118,47.4479531356305,293.39344933478,"C2",NA,"Control","Exp1","No","Control",4.8
"19",31,19,19,19,17.5944219565626,6.10773346610012,12.6715554606501,0.751089920300064,-34.1683842074637,0.920516216660519,-38.1308985231248,0.850777003576586,14.8598815726071,"Yes","Sauer Center","No","female","Batty",325.831615792536,321.869101476875,14.8598815726071,"C2",NA,"Compass","Exp1","No","Experiment",4.13333333333333
"20",32,20,20,20,56.2754664813639,15.4517426151754,38.779584824426,0.517060696475535,155.1734749055,0.895909759891846,49.5750515237442,0.860116919199713,209.986625466739,"No","Tobler Museum","No","female","Batty",155.1734749055,49.5750515237442,209.986625466739,"C2",NA,"Control","Exp1","No","Control",3
"21",33,21,21,21,63.1830529268033,42.8368558152391,54.4632541647043,0.353717566744609,-1.57554896716668,0.67138035372032,214.856480029817,0.821083676484223,-1.21948183349471,"Yes","Harvey House","No","female","Golledge",358.424451032833,214.856480029817,358.780518166505,"C2",NA,"Compass","Exp1","No","Experiment",5.33333333333333
"22",34,22,22,22,55.8845477442575,31.3904706754029,45.3870861433198,0.260898936363829,-23.8190844547033,0.635667421985182,267.601021117449,0.802522810028715,86.6362267613141,"No","Batty House","No","female","Batty",336.180915545297,267.601021117449,86.6362267613141,"C2",NA,"Control","Exp1","No","Control",2.93333333333333
"23",35,23,23,23,59.0876835478234,22.4405056954433,43.3817501825176,0.607496089444261,-42.0275784033818,0.782023056846208,-28.8312171675579,0.849792999382433,-3.52166233627326,"Yes","Golledge Hall","No","female","Golledge",317.972421596618,331.168782832442,356.478337663727,"C1",NA,"Compass","Exp1","No","Experiment",3.66666666666667
"24",39,24,24,24,52.2427258411855,30.3615667288994,42.8650862216343,0.472110787339503,209.35316186864,0.176698519809597,90.4578980723904,0.94960965073916,188.3653158876,"Yes","Golledge Hall","No","female","Golledge",209.35316186864,90.4578980723904,188.3653158876,"C1",NA,"Compass","Exp1","No","Experiment",4.53333333333333
"25",40,25,25,25,66.5521838320753,45.8228194968147,57.668170545535,0.819285636392248,-0.208298615043116,0.819598032670347,-29.8939888526416,0.836048339532038,13.3239785011274,"No","Batty House","No","female","Batty",359.791701384957,330.106011147358,13.3239785011274,"C2",NA,"Control","Exp1","Yes","Control",3.93333333333333
"26",41,26,26,26,79.4965014057727,42.0411024840394,63.4441875821727,0.175894503293877,198.477014494488,0.238427836902535,144.879918535763,0.877345516581736,199.146110807395,"Yes","Golledge Hall","No","female","Golledge",198.477014494488,144.879918535763,199.146110807395,"C1",NA,"Compass","Exp1","No","Experiment",2.53333333333333
"27",43,27,27,27,62.151271004506,6.96526612624027,38.5001260566778,0.884901988533023,-25.3865686077107,0.978276626481098,-35.9704064962567,0.911831175888784,18.4244135358012,"Yes","Batty House","No","male","Batty",334.613431392289,324.029593503743,18.4244135358012,"C1",NA,"Compass","Exp1","Yes","Experiment",4.33333333333333
"28",44,28,28,28,16.6012549191166,10.7877547052518,14.1097548274603,0.789726431169252,-43.0933466726389,0.776670765477371,-16.1097084773553,0.936620156192936,-49.027698627767,"No","Batty House","No","male","Golledge",316.906653327361,343.890291522645,310.972301372233,"C1",NA,"Control","Exp1","No","Control",5.06666666666667
"29",45,29,29,29,37.0691948214595,9.86030442595616,25.4082417948152,0.780643076530412,156.460785947281,0.891009474608618,128.956831428544,0.871337169348148,209.248036312045,"Yes","Batty House","No","female","Batty",156.460785947281,128.956831428544,209.248036312045,"C2",NA,"Compass","Exp1","No","Experiment",4.6
"30",46,30,30,30,59.6321240428796,34.5418779831144,48.8791614458374,0.698351991646092,-49.4882605105057,0.869310242273476,-52.9419904829119,0.770415318687322,-6.02404705567375,"No","Batty House","No","male","Batty",310.511739489494,307.058009517088,353.975952944326,"C1",NA,"Control","Exp1","No","Control",3.73333333333333
"31",48,31,31,31,14.235965719441,5.78518471342554,10.6142024311487,0.981045258285737,-1.96707127622659,0.960203453211641,-2.01545788409178,0.955791623126703,-11.9689264713385,"No","Batty House","No","male","Batty",358.032928723773,357.984542115908,348.031073528662,"C1",NA,"Control","Exp1","Yes","Control",2.6
"32",50,32,32,32,45.4231406219164,14.361115776031,32.1108442593941,0.436332879626055,157.92151120733,0.716489735264444,162.999650537188,0.380353546387655,33.6612738667089,"No","Batty House","No","male","Golledge",157.92151120733,162.999650537188,33.6612738667089,"C2",NA,"Control","Exp1","No","Control",3.4
"33",51,33,33,33,15.2312647304736,6.48493161977853,11.4828362544614,0.930288983175273,16.1857129062528,0.974835553960579,6.01699990096824,0.918595471552303,-17.8218045960743,"Yes","Sauer Center","No","male","Batty",16.1857129062528,6.01699990096824,342.178195403926,"C2",NA,"Compass","Exp1","Yes","Experiment",1.66666666666667
"34",52,34,34,34,72.3178272361691,58.5708810308605,66.4262788624654,0.105342047065359,-39.0387951238461,0.818357414088976,-71.0807922079633,0.691278339160609,159.656199193515,"No","Batty House","No","female","Batty",320.961204876154,288.919207792037,159.656199193515,"C1",NA,"Control","Exp1","No","Control",2.73333333333333
"35",53,35,35,35,52.1628522222305,16.0707535237115,36.6948099228652,0.654855162224746,-59.999542916505,0.792320054939627,-58.9391578617592,0.694186236594356,-17.4815382325283,"Yes","Batty House","No","male","Batty",300.000457083495,301.060842138241,342.518461767472,"C1",NA,"Compass","Exp1","Yes","Experiment",5.93333333333333
"36",54,36,36,36,32.0901456343851,33.5842425178101,32.7304728701387,0.716478999371516,-32.9573317208985,0.187539343637042,-76.8111554051505,0.807882065899572,-6.48715385675351,"No","Batty House","No","female","Golledge",327.042668279102,283.18884459485,353.512846143246,"C2",NA,"Control","Exp1","No","Control",4
"37",55,37,37,37,22.025359485448,9.61066296455382,16.7047752622077,0.957889251333584,-22.6208038691561,0.898731724684719,-21.9188731505659,0.900758621750951,-14.9893361636777,"Yes","Lynch Station","No","female","Batty",337.379196130844,338.081126849434,345.010663836322,"C2",NA,"Compass","Exp1","No","Experiment",2.8
"38",56,38,38,38,26.1062054135727,16.5366846212318,22.0049822168552,0.821841891659201,-44.6356493556064,0.896806874515217,-35.1340498505386,0.85767358001079,-60.6379493519661,"No","","No","male","Batty",315.364350644394,324.865950149461,299.362050648034,"C2",NA,"Control","Exp1","Yes","Control",2.93333333333333
"39",57,39,39,39,56.6547858517087,23.7744506889803,42.5632136391108,0.541674816658923,-81.0055826308563,0.827152179190069,-57.3373463746932,0.0511842533021132,257.927560488401,"Yes","Sauer Center","No","male","Golledge",278.994417369144,302.662653625307,257.927560488401,"C1",NA,"Compass","Exp1","Yes","Experiment",3
"40",58,40,40,40,75.9517954871475,34.8028964212585,58.3165530303379,0.25566650876315,-0.915845735654089,0.0354738018694794,190.256762439577,0.409072757933646,125.424631245443,"No","Batty House","No","male","Batty",359.084154264346,190.256762439577,125.424631245443,"C1",NA,"Control","Exp1","Yes","Control",2.66666666666667
"41",59,41,41,41,69.6455569489273,42.0636686414151,57.8247476742792,0.322205683928319,-22.0014162813114,0.124752015609957,246.740657033982,0.0151565844434216,119.548207195047,"Yes","Batty House","No","female","Batty",337.998583718689,246.740657033982,119.548207195047,"C1",NA,"Compass","Exp1","No","Experiment",4.73333333333333
"42",60,42,42,42,54.5991583744967,16.7980728683209,38.3986931575642,0.482841158775826,18.6226101322579,0.925449332598428,12.7410230446483,0.820572764944047,-14.3899980769188,"No","Golledge Hall","No","male","Golledge",18.6226101322579,12.7410230446483,345.610001923081,"C2",NA,"Control","Exp1","Yes","Control",3.4
"43",61,43,43,43,78.6734530305349,50.8086669040736,66.73140183348,0.132139981279628,29.7771980866655,0.0329541566416072,102.804879296583,0.288594108539177,-79.7008949264946,"Yes","Batty House","No","male","Golledge",29.7771980866655,102.804879296583,280.299105073505,"C1",NA,"Compass","Exp1","Yes","Experiment",4.8
"44",62,44,44,44,20.5999295229145,7.6842993400879,15.0646594445602,0.961578131224757,6.27896821879988,0.951915658575023,7.89663089479526,0.848265387372269,13.2860319193517,"No","Lynch Station","No","male","Batty",6.27896821879988,7.89663089479526,13.2860319193517,"C2",NA,"Control","Exp1","No","Control",3.33333333333333
"45",63,45,45,45,59.0628759225155,34.1910061166262,48.4035031485629,0.352385613005516,4.96059845388632,0.411254878806068,-79.9465597077741,0.415966074665174,86.2363520101892,"Yes","Batty House","No","female","Batty",4.96059845388632,280.053440292226,86.2363520101892,"C1",NA,"Compass","Exp1","No","Experiment",3.93333333333333
"46",64,46,46,46,64.5306090340667,34.631960960681,51.7169027169014,0.68084989543113,207.047779848156,0.272146676893785,224.812090920576,0.958837694426647,265.309751828091,"No","Sauer Center","No","female","Golledge",207.047779848156,224.812090920576,265.309751828091,"C2",NA,"Control","Exp1","Yes","Control",4.6
"47",65,47,47,47,69.7392039466771,61.5596682364349,66.2336886422876,0.246746848512542,164.383493053302,0.792536698668329,144.727652267089,0.0444411029152518,150.30848589189,"Yes","Golledge Hall","No","female","Golledge",164.383493053302,144.727652267089,150.30848589189,"C2",NA,"Compass","Exp1","No","Experiment",4.4
"48",66,48,48,48,22.2618608459743,13.9379101655284,18.6944534114975,0.843561501173692,168.653923738901,0.879636271647894,136.083631867366,0.849775238196556,172.637935604463,"No","Golledge Hall","No","male","Golledge",168.653923738901,136.083631867366,172.637935604463,"C2",NA,"Control","Exp1","Yes","Control",2.73333333333333
"49",67,49,49,49,19.9602643810043,7.692973456843,14.7028539849352,0.95616240149866,-16.5043203012625,0.95987734450425,-34.6043593872626,0.978255492986539,-12.6405092883121,"Yes","Batty House","No","male","Batty",343.495679698737,325.395640612737,347.359490711688,"C2",NA,"Compass","Exp1","Yes","Experiment",4.13333333333333
"50",68,50,50,50,67.0382285332159,44.4038001012135,57.3377592052149,0.73797141016139,43.8756363419573,0.422403748195527,-9.54365766461688,0.936481905411647,89.6315794105073,"No","Tobler Museum","No","female","Batty",43.8756363419573,350.456342335383,89.6315794105073,"C2",NA,"Control","Exp1","No","Control",5.73333333333333
"51",69,51,51,51,65.4555026835195,71.1315344063347,67.8880877075832,0.12041582061357,72.0979762199066,0.414666196873074,65.8197142848654,0.666437027857422,161.640467286608,"Yes","Harris Hall","No","female","Batty",72.0979762199066,65.8197142848654,161.640467286608,"C1",NA,"Compass","Exp1","No","Experiment",5.93333333333333
"52",71,52,52,52,21.4848039730065,7.13869370481734,15.3364710009254,0.953524055693076,2.41126975362198,0.994092416809424,4.41161163915512,0.949293843676593,-17.2706559746461,"Yes","Batty House","No","male","Batty",2.41126975362198,4.41161163915512,342.729344025354,"C1",NA,"Compass","Exp1","Yes","Experiment",2.93333333333333
"53",72,53,53,53,36.5469188635646,21.1542920672602,29.9500788080056,0.950046298323882,-24.7891279156707,0.935806076218456,-36.9268347881722,0.858106317630343,-15.4042921494524,"No","Batty House","No","female","Batty",335.210872084329,323.073165211828,344.595707850548,"C1",NA,"Control","Exp1","No","Control",3.6
"54",73,54,54,54,66.8768072921863,43.8412347460528,57.0044190581291,0.0449267418776301,-64.4318099742621,0.0480810822945089,92.7463100985914,0.265844909176072,236.137617543046,"Yes","Golledge Hall","No","female","Golledge",295.568190025738,92.7463100985914,236.137617543046,"C1",NA,"Compass","Exp1","No","Experiment",3.13333333333333
"55",2008,55,55,1,28.9013515884775,11.2714427895321,21.3456763889295,0.723658259985186,-42.9689469236222,0.950553909944764,-33.9957746634865,0.62100985656985,-32.2816517153712,"Mountains","Batty House","No","male","Golledge",317.031053076378,326.004225336514,327.718348284629,"C2",114.957016,"Mountains","Exp2","Yes","Experiment",2.8
"56",2011,56,56,2,69.1109552778601,12.4486488479968,44.8271096650615,0.469343156435849,214.519640280629,0.272677799360105,214.158256841338,0.908200210259281,-62.4323179250837,"Compass","Golledge Hall","No","female","Golledge",214.519640280629,214.158256841338,297.567682074916,"C2",103.1766455,"Compass","Exp2","No","Experiment",3.86666666666667
"57",2012,57,57,3,33.5418482389546,11.5695604015853,24.1251534515106,0.752081292037452,171.456506122322,0.782032689822551,148.764951466776,0.925122535498623,203.755047213815,"Mountains","Tobler Museum","No","female","Batty",171.456506122322,148.764951466776,203.755047213815,"C2",20.756635,"Mountains","Exp2","No","Experiment",4.26666666666667
"58",2013,58,58,4,45.0564869163559,40.5497627733401,43.1250337122063,0.463421652624154,236.282594502035,0.234647522001201,108.135858120177,0.897262949509448,268.625405047069,"Compass","Sauer Center","No","female","Golledge",236.282594502035,108.135858120177,268.625405047069,"C1",65.781685,"Compass","Exp2","No","Experiment",2.26666666666667
"59",2016,59,59,5,68.5548592819122,43.5802742695709,57.8514657051945,0.446386410620285,-25.7144130369575,0.710336182730488,-52.1467385958733,0.241801889030627,-47.2899928609911,"Mountains","Golledge Hall","No","female","Golledge",334.285586963042,307.853261404127,312.710007139009,"C1",114.03259625,"Mountains","Exp2","No","Experiment",4.2
"60",2017,60,60,6,23.6806382624421,7.12587808873265,16.5857410451381,0.80190207110685,97.3429906627443,0.934032025618556,141.385190163628,0.906110510079323,100.612720136793,"Compass","Batty House","No","male","Golledge",97.3429906627443,141.385190163628,100.612720136793,"C1",10.238385,"Compass","Exp2","Yes","Experiment",3.53333333333333
"61",2018,61,61,7,46.9061591112651,25.7433302700178,37.8363753221591,0.82704958900016,162.739681212113,0.762311746421788,174.286633098588,0.864346307991135,177.065144595075,"Mountains","Harvey House","No","female","Golledge",162.739681212113,174.286633098588,177.065144595075,"C2",110.25636375,"Mountains","Exp2","No","Experiment",4.46666666666667
"62",2019,62,62,8,25.9278984230065,13.2365401517381,20.4887448781772,0.882168644813976,162.42962075068,0.67622283579714,148.440319903033,0.868951480915937,189.417302445101,"Compass","Lynch Station","No","male","Golledge",162.42962075068,148.440319903033,189.417302445101,"C2",24.70847625,"Compass","Exp2","No","Experiment",2.73333333333333
"63",2021,63,63,9,35.2973968569926,13.8750952315246,26.1164104460777,0.550333168047852,129.373157236967,0.87312459198684,145.278731133568,0.828095466003593,21.0103902875662,"Compass","Batty House","No","female","Batty",129.373157236967,145.278731133568,21.0103902875662,"C2",34.423988,"Compass","Exp2","No","Experiment",3.06666666666667
"64",2022,64,64,10,66.670799897166,15.2825597828999,44.6472684196234,0.0874284613155521,49.5019611061827,0.712602829098138,-32.5242868330443,0.796899821054428,-19.9888279141452,"Mountains","Tobler Museum","No","male","Golledge",49.5019611061827,327.475713166956,340.011172085855,"C2",90.69282,"Mountains","Exp2","Yes","Experiment",3.73333333333333
"65",2023,65,65,11,87.7618675810897,96.236411467678,91.3938149610561,0.381383871621692,26.5929948709703,0.210110796276101,46.0510894488586,0.172193629359004,91.4893716236047,"Compass","Golledge Hall","No","female","Golledge",26.5929948709703,46.0510894488586,91.4893716236047,"C2",106.56594875,"Compass","Exp2","No","Experiment",5.86666666666667
"66",2024,66,66,12,53.4440794374616,28.4553419603233,42.7346205186881,0.0668504187393015,67.5301892305566,0.500873667953413,-29.8631565332597,0.897999510379657,165.34910281682,"Mountains","Golledge Hall","No","female","Golledge",67.5301892305566,330.13684346674,165.34910281682,"C2",71.827535,"Mountains","Exp2","No","Experiment",4
"67",2025,67,67,13,5.76997089938436,4.74050454045756,5.32877103127287,0.859510454007949,124.669319274466,0.920716650961439,138.001851829638,0.87972874182673,89.3370362288369,"Compass","Lynch Station","No","male","Batty",124.669319274466,138.001851829638,89.3370362288369,"C1",8.404511825,"Compass","Exp2","Yes","Experiment",3.6
"68",2026,68,68,14,64.800994165809,30.3425263971896,50.0330794078293,0.383367188204422,52.043626998448,0.336407909108231,-16.6262944248234,0.197953659543763,174.692083552297,"Mountains","Batty House","No","female","Batty",52.043626998448,343.373705575177,174.692083552297,"C2",108.2366175,"Mountains","Exp2","No","Experiment",5.53333333333333
"69",2028,69,69,15,40.3010352670738,23.2154627525336,32.9786470465566,0.414108700413117,118.534246193067,0.485892298388067,141.511077533817,0.777339749207879,184.575053872504,"Mountains","Golledge Hall","No","female","Golledge",118.534246193067,141.511077533817,184.575053872504,"C1",92.96082875,"Mountains","Exp2","No","Experiment",3.2
"70",2029,70,70,16,48.3986190306628,20.2586470414429,36.3386310352828,0.721767120707608,-29.1634994193636,0.974781614968413,-40.2417256817553,0.388447880376612,3.77068714461166,"Compass","Batty House","No","male","Batty",330.836500580636,319.758274318245,3.77068714461166,"C1",29.94780625,"Compass","Exp2","Yes","Experiment",2.66666666666667
"71",2030,71,71,17,53.5080749860921,17.7090647462721,38.1656420261692,0.389509361499536,139.937996161316,0.601250094079537,65.6336231335952,0.775991590302397,182.604827221947,"Mountains","Batty House","No","male","Golledge",139.937996161316,65.6336231335952,182.604827221947,"C2",45.66660625,"Mountains","Exp2","Yes","Experiment",3.53333333333333
"72",2031,72,72,18,57.5903400164612,41.471564103399,50.6822931965774,0.261397714962195,71.668918984608,0.646593654464973,18.5101778120815,0.0663996059717455,45.2732319241685,"Compass","Batty House","No","female","Batty",71.668918984608,18.5101778120815,45.2732319241685,"C1",59.090975,"Compass","Exp2","No","Experiment",4.2
"73",2033,73,73,19,93.449599860095,61.1191777047817,79.593704650675,0.0541463223276729,164.520545069133,0.136082015928465,235.493691088271,0.150827382465843,153.995470864308,"Compass","Golledge Hall","No","female","Golledge",164.520545069133,235.493691088271,153.995470864308,"C1",103.258308375,"Compass","Exp2","No","Experiment",3.2
"74",2034,74,74,20,71.151511355775,43.1157956356345,59.1362046185719,0.205380838863246,59.4572273276681,0.775478872634606,1.13810475023169,0.832142805765117,27.7639097632891,"Mountains","Batty House","No","female","Batty",59.4572273276681,1.13810475023169,27.7639097632891,"C2",54.43646625,"Mountains","Exp2","No","Experiment",3.73333333333333
"75",2035,75,75,21,33.2649374026846,30.6274851628558,32.1346007284722,0.546123907372387,-54.0857950870163,0.468039120528843,-19.7055627137276,0.644473913656975,-53.9458521226218,"Mountains","Golledge Hall","No","male","Golledge",305.914204912984,340.294437286272,306.054147877378,"C1",115.89623625,"Mountains","Exp2","Yes","Experiment",3.4
"76",2036,76,76,22,33.5123589051489,29.6142607328164,31.8417454027207,0.228828910470366,111.737889724209,0.930256493447877,109.911346797435,0.421700161671899,138.547008996902,"Compass","Batty House","No","female","Batty",111.737889724209,109.911346797435,138.547008996902,"C2",46.9399775,"Compass","Exp2","No","Experiment",2.86666666666667
"77",2037,77,77,23,28.5391474419695,18.0922800923143,24.0619185778316,0.855939655236381,-24.4454810780955,0.93613706748933,-27.9934223031759,0.812545983036249,-18.747385310547,"Mountains","Sauer Center","No","female","Batty",335.554518921905,332.006577696824,341.252614689453,"C1",38.99287,"Mountains","Exp2","No","Experiment",4
"78",2038,78,78,24,17.1679791040827,13.4896402348807,15.591548160139,0.943141506074294,150.411123335,0.912585041660825,141.789137900635,0.910132600738528,153.398759822977,"Mountains","Lynch Station","No","male","Golledge",150.411123335,141.789137900635,153.398759822977,"C2",24.20581375,"Mountains","Exp2","No","Experiment",3.6
"79",2039,79,79,25,54.6420633203196,53.7600269456054,54.2640477311564,0.622626373758236,-20.6017781767581,0.911209135630125,-31.4393802195506,0.318310225466404,-68.2724517513512,"Mountains","Batty House","No","female","Batty",339.398221823242,328.560619780449,291.727548248649,"C2",114.766659625,"Mountains","Exp2","No","Experiment",6.2
"80",2040,80,80,26,59.4899856983378,29.5122632566455,46.642390366184,0.862638335097275,-12.8242152511183,0.796598515791448,-51.3447223935261,0.926346395174755,-3.22659070378987,"Mountains","Batty House","No","male","Batty",347.175784748882,308.655277606474,356.77340929621,"C1",58.90677,"Mountains","Exp2","Yes","Experiment",4.93333333333333
"81",2041,81,81,27,15.5534988829135,7.77825420841104,12.2212511652696,0.83785864204274,128.709920878004,0.883606011672943,144.893677124242,0.844003368806872,93.5245332163037,"Compass","Batty House","No","female","Golledge",128.709920878004,144.893677124242,93.5245332163037,"C1",15.6324825,"Compass","Exp2","Yes","Experiment",4.46666666666667
"82",2042,82,82,28,74.3064587676745,9.03409176185844,46.3325871937533,0.883307145614323,6.37928623647358,0.916738765875065,4.22037309968703,0.375440463041604,28.5437845868405,"Mountains","Batty House","No","female","Batty",6.37928623647358,4.22037309968703,28.5437845868405,"C1",60.3392175,"Mountains","Exp2","No","Experiment",3.73333333333333
"83",2043,83,83,29,32.2137483092203,14.9250381472174,24.8043010969333,0.88792657384,-31.2750927633061,0.820777710654105,-26.3619545708991,0.864178978289949,-21.4126403348569,"Compass","Snow Church","No","male","Golledge",328.724907236694,333.638045429101,338.587359665143,"C1",48.60656375,"Compass","Exp2","Yes","Experiment",3.53333333333333
"84",2045,84,84,30,65.7499267753674,52.1759184006427,59.9324946147711,0.447185127303149,-32.3380205752343,0.930081168934799,-56.9196074308583,0.225053782625149,-49.0585659230952,"Compass","Sauer Center","No","female","Batty",327.661979424766,303.080392569142,310.941434076905,"C1",90.96925,"Compass","Exp2","Yes","Experiment",3.13333333333333
"85",2047,85,85,31,55.2284579945489,44.9007399135766,50.8022931027037,0.435074164864855,-47.2888305247775,0.468059099838436,-58.2985111778725,0.226862222331622,206.760129216906,"Compass","Sauer Center","No","female","Batty",312.711169475223,301.701488822127,206.760129216906,"C2",95.110274425,"Compass","Exp2","No","Experiment",4.86666666666667
"86",2048,86,86,32,33.2132938600186,8.33394226968279,22.5507146070175,0.913909294961195,-20.8341153216262,0.956809034633792,-20.2310765282171,0.836932351416896,13.5007494053105,"Mountains","Batty House","No","male","Batty",339.165884678374,339.768923471783,13.5007494053105,"C1",35.17316125,"Mountains","Exp2","Yes","Experiment",5.66666666666667
"87",2049,87,87,33,22.0087417767373,8.97272594152379,16.4218778473601,0.83418147268781,15.4164224056616,0.643414051353689,36.5693439390993,0.908669498317288,-25.1050125216381,"Mountains","","No","female","Batty",15.4164224056616,36.5693439390993,334.894987478362,"C2",34.987725,"Mountains","Exp2","Yes","Experiment",5.13333333333333
"88",2052,88,88,34,31.3301883110524,12.6287330076341,23.3152788953017,0.897131874198195,188.21469789453,0.779187550948569,192.375263806102,0.952421044600048,209.788702634506,"Mountains","","No","female","Batty",188.21469789453,192.375263806102,209.788702634506,"C1",126.13024,"Mountains","Exp2","Yes","Experiment",4.93333333333333
"89",2053,89,89,35,73.013151780684,66.3734406325249,70.1675612886158,0.018167183922457,-87.9235889926219,0.0259214859082757,52.5059267201178,0.927980500644454,169.788401475646,"Compass","Golledge Hall","No","female","Batty",272.076411007378,52.5059267201178,169.788401475646,"C2",108.3229535,"Compass","Exp2","No","Experiment",4.33333333333333
"90",2054,90,90,36,66.1969471320924,46.5600933306884,57.7811526457764,0.503431356462271,203.479581407116,0.123409231214476,32.8241842610434,0.831548745189149,219.522576171885,"Mountains","Golledge Hall","No","female","Golledge",203.479581407116,32.8241842610434,219.522576171885,"C1",100.15507625,"Mountains","Exp2","No","Experiment",3.93333333333333
"91",2056,91,91,37,67.8935254728416,26.645696296411,50.2158843972285,0.466761745049757,-81.9885042196029,0.669540518297126,-24.1660451053968,0.722712031757123,-77.992209697667,"Mountains","Golledge Hall","No","female","Golledge",278.011495780397,335.833954894603,282.007790302333,"C1",67.3014675,"Mountains","Exp2","No","Experiment",4.13333333333333
"92",2057,92,92,38,51.1234410574538,10.3652923162185,33.6556630254958,0.28173277511403,188.435347337904,0.813497791104646,79.9810950598892,0.120501816964947,257.727706374017,"Compass","Batty House","No","male","Batty",188.435347337904,79.9810950598892,257.727706374017,"C2",38.9088425,"Compass","Exp2","No","Experiment",4.66666666666667
"93",2058,93,93,39,16.655448278996,12.2349079732331,14.7609310050976,0.929090936000471,217.213027951975,0.853227219116918,238.26785623774,0.928575080466532,197.440128910855,"Mountains","Batty House","No","female","Batty",217.213027951975,238.26785623774,197.440128910855,"C2",87.19764875,"Mountains","Exp2","Yes","Experiment",2.53333333333333
"94",2059,94,94,40,54.7593689343403,29.2061003909637,43.807968130036,0.651233070712912,40.2571003078329,0.523006817504442,87.5665647267921,0.941016602367405,7.27720639003305,"Compass","Batty House","No","female","Batty",40.2571003078329,87.5665647267921,7.27720639003305,"C1",67.834645,"Compass","Exp2","No","Experiment",5
"95",2060,95,95,41,14.2322007953495,8.43345527448289,11.7470241435495,0.918762919906231,-34.3143982632925,0.978891234337702,-35.657036572096,0.890686194074248,-59.6774245262598,"Mountains","Batty House","No","female","Batty",325.685601736707,324.342963427904,300.32257547374,"C2",12.28007325,"Mountains","Exp2","No","Experiment",5.06666666666667
"96",2061,96,96,42,47.6849992765677,28.4561315714877,39.4440559743905,0.626725590458261,136.091011273736,0.678850068646952,108.403679217997,0.430316174594175,148.417463000671,"Compass","Batty House","No","female","Batty",136.091011273736,108.403679217997,148.417463000671,"C2",40.15663625,"Compass","Exp2","No","Experiment",2.2
"97",2062,97,97,43,50.2841846018843,48.0814078154242,49.3401374076871,0.684930926000575,197.104739800078,0.444410212572623,225.66827948389,0.537070061632971,197.983732143423,"Mountains","Golledge Hall","No","male","Golledge",197.104739800078,225.66827948389,197.983732143423,"C1",103.71869875,"Mountains","Exp2","Yes","Experiment",3.13333333333333
"98",2063,98,98,44,47.0575147859571,13.0358111294175,32.4767846474401,0.654470716230092,195.275011689754,0.727859809906927,225.386463935082,0.390296271368831,187.960553566188,"Compass","Batty House","No","female","Batty",195.275011689754,225.386463935082,187.960553566188,"C2",80.544031625,"Compass","Exp2","Yes","Experiment",5.66666666666667
"99",2064,99,99,45,53.9624819147748,29.1447990225914,43.326332103839,0.5609647529536,-10.8388012636287,0.693266993728919,-74.0032534727739,0.433630324374074,-15.0646606432541,"Mountains","Batty House","No","male","Batty",349.161198736371,285.996746527226,344.935339356746,"C1",113.77762625,"Mountains","Exp2","No","Experiment",3.86666666666667
"100",2065,100,100,46,69.4028907906557,52.4719577572331,62.1467766334746,0.561011930367175,-85.9028682934771,0.745798429411266,-83.1897224160947,0.169361297593969,252.253494094276,"Compass","Batty House","No","male","Batty",274.097131706523,276.810277583905,252.253494094276,"C2",49.84285625,"Compass","Exp2","Yes","Experiment",2.8
"101",2066,101,101,47,49.3402917965453,10.44208723802,32.6696327000345,0.568675814147632,15.1088592715239,0.0289282722923041,15.9371346682624,0.444694835752553,40.8900410001166,"Mountains","Golledge Hall","No","male","Batty",15.1088592715239,15.9371346682624,40.8900410001166,"C2",62.4830325,"Mountains","Exp2","Yes","Experiment",4.06666666666667
"102",2067,102,102,48,24.8917464309999,6.57759006704941,17.0428222750211,0.921906075362568,-1.32033804911513,0.899755024533031,-24.4072672415836,0.967626545410853,14.8106087021255,"Compass","Sauer Center","No","male","Batty",358.679661950885,335.592732758416,14.8106087021255,"C2",23.96836375,"Compass","Exp2","Yes","Experiment",3.6
"103",2068,103,103,49,15.4650424433307,4.51870901535442,10.7737566884837,0.973022374362557,-28.6663700290232,0.96938160119015,-36.8125579780053,0.94088624832527,-24.4157574671172,"Mountains","Batty House","No","male","Batty",331.333629970977,323.187442021995,335.584242532883,"C2",22.15737875,"Mountains","Exp2","Yes","Experiment",2.4
"104",2069,104,104,50,41.1072063403577,7.52074314080688,26.7130078262645,0.588980063491784,246.877920128709,0.39339031423986,262.766934157543,0.956077159142299,-22.6412722610284,"Compass","Tobler Museum","No","male","Batty",246.877920128709,262.766934157543,337.358727738972,"C1",19.308365,"Compass","Exp2","Yes","Experiment",3.8
"105",2070,105,105,51,53.9737812314855,38.9162984156339,47.5205743104062,0.396554207198939,70.5513430959998,0.941510240664094,60.4332717195029,0.746061752909039,181.071709271304,"Mountains","Lynch Station","No","male","Batty",70.5513430959998,60.4332717195029,181.071709271304,"C1",97.651271875,"Mountains","Exp2","No","Experiment",3.93333333333333
"106",2072,106,106,52,26.4150812528288,7.2313909184626,18.1934996809576,0.958916884479065,-28.4344329435161,0.977396645046482,-35.569512070985,0.876813681321282,-8.03349795075884,"Mountains","Batty House","No","male","Golledge",331.565567056484,324.430487929015,351.966502049241,"C2",106.872597125,"Mountains","Exp2","Yes","Experiment",4.73333333333333
"107",2073,107,107,53,74.2102042815399,50.6445454716192,64.1106362201453,0.0455624850937957,132.447205622678,0.769746349127451,-11.5155958364405,0.91336442786804,243.414572987392,"Compass","Batty House","No","male","Batty",132.447205622678,348.484404163559,243.414572987392,"C2",122.832188,"Compass","Exp2","No","Experiment",4.6
"108",2074,108,108,54,30.1736859763124,7.1945315254241,20.3254769259317,0.798108361949325,137.737759133333,0.88896620133067,145.511495560179,0.77634683687689,176.65667898137,"Mountains","Golledge Hall","No","male","Golledge",137.737759133333,145.511495560179,176.65667898137,"C1",39.454103,"Mountains","Exp2","Yes","Experiment",3.06666666666667
"109",2075,109,109,55,34.2302229561382,9.42261154777077,23.5983894954093,0.913735648931147,-33.7736398868234,0.977391073368573,-37.9975031974888,0.827423458292259,-5.69812732760067,"Compass","Batty House","No","male","Batty",326.226360113177,322.002496802511,354.301872672399,"C1",29.39364125,"Compass","Exp2","No","Experiment",2.6
"110",2076,110,110,56,44.6337074638627,32.0601956540975,39.2450595453919,0.277767265005112,-16.6962675002548,0.359273479735366,-3.60352029789697,0.541888146123564,224.52968235015,"Mountains","Batty House","No","male","Batty",343.303732499745,356.396479702103,224.52968235015,"C2",67.66027875,"Mountains","Exp2","No","Experiment",3.4
"111",2077,111,111,57,29.7003876555823,5.99515599735361,19.5410026591986,0.912716202857647,149.412497591556,0.852494058107281,142.134359948641,0.693041005238118,174.7860827174,"Compass","Lynch Station","No","male","Golledge",149.412497591556,142.134359948641,174.7860827174,"C2",24.26470375,"Compass","Exp2","No","Experiment",3.93333333333333
"112",2078,112,112,58,31.6408156450494,9.79837418212715,22.279769303797,0.748188490970424,47.6262977748032,0.961463926959994,59.7560608651409,0.973308023446958,115.965439809229,"Mountains","Golledge Hall","No","male","Golledge",47.6262977748032,59.7560608651409,115.965439809229,"C2",36.167735,"Mountains","Exp2","No","Experiment",2.86666666666667
"113",2079,113,113,59,32.8898285773961,6.47050263750905,21.5672603174445,0.893429847678339,142.45110237129,0.887554637781445,143.576591197456,0.789179916128324,177.172273241246,"Compass","Golledge Hall","No","male","Golledge",142.45110237129,143.576591197456,177.172273241246,"C2",20.9383675,"Compass","Exp2","No","Experiment",2.13333333333333
"114",2080,114,114,60,42.0481861118287,6.67404575753546,26.887840245703,0.780758374843894,-17.4172220749716,0.97000325435727,-36.5272802695728,0.967834475829969,22.9540526501695,"Compass","Batty House","No","male","Golledge",342.582777925028,323.472719730427,22.9540526501695,"C2",21.1121875,"Compass","Exp2","Yes","Experiment",4.13333333333333
"115",2083,115,115,61,17.6127537199927,4.12472841637066,11.8321714470118,0.905045804501864,54.8606705445669,0.776893620902413,52.1222302897545,0.855466230547096,84.7996387357758,"Mountains","Batty House","No","male","Batty",54.8606705445669,52.1222302897545,84.7996387357758,"C2",52.23365125,"Mountains","Exp2","Yes","Experiment",2.66666666666667
