"","start_landmark","participant","target_landmark","point_order","participant_response","within_between","participant_360_response","actual_direction","actual_360_direction","mountain_0_p_angle0","error","mountain_0_p_angle360"
"1","Batty House",2011,"Compass North",4,65.36843,"other",65.36843,-176,184,-118.63157,118.63157,241.36843
"2","Batty House",2039,"Mountain Range",2,56.80742,"other",56.80742,-176,184,-127.19258,127.19258,232.80742
"3","Batty House",2015,"Compass North",6,95.23098,"other",95.23098,-176,184,-88.76902,88.76902,271.23098
"4","Batty House",2003,"Mountain Range",5,86.69736,"other",86.69736,-176,184,-97.30264,97.30264,262.69736
"5","Batty House",2067,"Compass North",5,-179.098,"other",180.902,-176,184,-3.09799999999998,3.09799999999998,356.902
"6","Batty House",2049,"Mountain Range",2,-147.3506,"other",212.6494,-176,184,28.6494,28.6494,28.6494
"7","Batty House",2037,"Mountain Range",6,106.6756,"other",106.6756,-176,184,-77.3244,77.3244,282.6756
"8","Batty House",2013,"Compass North",2,86.83244,"other",86.83244,-176,184,-97.16756,97.16756,262.83244
"9","Batty House",2002,"Mountain Range",6,105.7188,"other",105.7188,-176,184,-78.2812,78.2812,281.7188
"10","Batty House",2034,"Mountain Range",7,-177.1552,"other",182.8448,-176,184,-1.15520000000001,1.15520000000001,358.8448
"11","Batty House",2030,"Mountain Range",0,177.8988,"other",177.8988,-176,184,-6.10120000000001,6.10120000000001,353.8988
"12","Batty House",2001,"Mountain Range",7,5.936962,"other",5.936962,-176,184,-178.063038,178.063038,181.936962
"13","Batty House",2062,"Mountain Range",2,22.26104,"other",22.26104,-176,184,-161.73896,161.73896,198.26104
"14","Batty House",2057,"Compass North",1,-179.3045,"other",180.6955,-176,184,-3.30449999999999,3.30449999999999,356.6955
"15","Batty House",2008,"Mountain Range",7,49.92812,"other",49.92812,-176,184,-134.07188,134.07188,225.92812
"16","Batty House",2064,"Mountain Range",3,39.43031,"other",39.43031,-176,184,-144.56969,144.56969,215.43031
"17","Batty House",2054,"Mountain Range",7,-82.01008,"other",277.98992,-176,184,93.98992,93.98992,93.98992
"18","Batty House",2038,"Mountain Range",2,146.7681,"other",146.7681,-176,184,-37.2319,37.2319,322.7681
"19","Batty House",2027,"Compass North",0,-178.4578,"other",181.5422,-176,184,-2.45779999999999,2.45779999999999,357.5422
"20","Batty House",2004,"Mountain Range",0,126.7472,"other",126.7472,-176,184,-57.2528,57.2528,302.7472
"21","Batty House",2065,"Compass North",2,-179.0002,"other",180.9998,-176,184,-3.00020000000001,3.00020000000001,356.9998
"22","Batty House",2060,"Mountain Range",5,-179.7339,"other",180.2661,-176,184,-3.73390000000001,3.73390000000001,356.2661
"23","Batty House",2006,"Mountain Range",5,41.09404,"other",41.09404,-176,184,-142.90596,142.90596,217.09404
"24","Batty House",2073,"Compass North",7,2.121633,"other",2.121633,-176,184,-181.878367,178.121633,178.121633
"25","Batty House",2059,"Compass North",1,178.3151,"other",178.3151,-176,184,-5.6849,5.6849,354.3151
"26","Batty House",2041,"Compass North",5,-179.39,"other",180.61,-176,184,-3.38999999999999,3.38999999999999,356.61
"27","Batty House",2029,"Compass North",4,176.6382,"other",176.6382,-176,184,-7.36179999999999,7.36179999999999,352.6382
"28","Batty House",2052,"Mountain Range",3,0,"other",0,-176,184,-184,176,176
"29","Batty House",2051,"Compass North",5,-0.2676108,"other",359.7323892,-176,184,175.7323892,175.7323892,175.7323892
"30","Batty House",2028,"Mountain Range",5,73.69632,"other",73.69632,-176,184,-110.30368,110.30368,249.69632
"31","Batty House",2005,"Mountain Range",3,176.6138,"other",176.6138,-176,184,-7.3862,7.3862,352.6138
"32","Batty House",2080,"Compass North",0,-179.8381,"other",180.1619,-176,184,-3.8381,3.8381,356.1619
"33","Batty House",2061,"Compass North",2,179.4195,"other",179.4195,-176,184,-4.5805,4.5805,355.4195
"34","Batty House",2035,"Mountain Range",5,-44.09156,"other",315.90844,-176,184,131.90844,131.90844,131.90844
"35","Batty House",2026,"Mountain Range",5,41.49737,"other",41.49737,-176,184,-142.50263,142.50263,217.49737
"36","Batty House",2056,"Mountain Range",2,-75.58596,"other",284.41404,-176,184,100.41404,100.41404,100.41404
"37","Batty House",2047,"Compass North",3,0.6996954,"other",0.6996954,-176,184,-183.3003046,176.6996954,176.6996954
"38","Batty House",2024,"Mountain Range",4,-44.32201,"other",315.67799,-176,184,131.67799,131.67799,131.67799
"39","Batty House",2007,"Compass North",4,-128.9711,"other",231.0289,-176,184,47.0289,47.0289,47.0289
"40","Batty House",2075,"Compass North",3,-178.8557,"other",181.1443,-176,184,-2.85570000000001,2.85570000000001,357.1443
"41","Batty House",2031,"Compass North",6,-179.0341,"other",180.9659,-176,184,-3.0341,3.0341,356.9659
"42","Batty House",2016,"Mountain Range",3,26.88181,"other",26.88181,-176,184,-157.11819,157.11819,202.88181
"43","Batty House",2079,"Compass North",2,-158.8673,"other",201.1327,-176,184,17.1327,17.1327,17.1327
"44","Batty House",2058,"Mountain Range",1,59.35558,"other",59.35558,-176,184,-124.64442,124.64442,235.35558
"45","Batty House",2045,"Compass North",2,-176.0053,"other",183.9947,-176,184,-0.00530000000000541,0.00530000000000541,359.9947
"46","Batty House",2022,"Mountain Range",7,56.3045,"other",56.3045,-176,184,-127.6955,127.6955,232.3045
"47","Batty House",2018,"Mountain Range",5,77.88929,"other",77.88929,-176,184,-106.11071,106.11071,253.88929
"48","Batty House",2074,"Mountain Range",4,114.4004,"other",114.4004,-176,184,-69.5996,69.5996,290.4004
"49","Batty House",2023,"Compass North",2,92.45967,"other",92.45967,-176,184,-91.54033,91.54033,268.45967
"50","Batty House",2021,"Compass North",6,178.4171,"other",178.4171,-176,184,-5.5829,5.5829,354.4171
"51","Batty House",2072,"Mountain Range",0,28.56829,"other",28.56829,-176,184,-155.43171,155.43171,204.56829
"52","Batty House",2053,"Compass North",7,-2.668732,"other",357.331268,-176,184,173.331268,173.331268,173.331268
"53","Batty House",2046,"Compass North",4,-179.6294,"other",180.3706,-176,184,-3.6294,3.6294,356.3706
"54","Batty House",2078,"Mountain Range",7,115.127,"other",115.127,-176,184,-68.873,68.873,291.127
"55","Batty House",2070,"Mountain Range",6,58.02201,"other",58.02201,-176,184,-125.97799,125.97799,234.02201
"56","Batty House",2050,"Mountain Range",3,-148.9561,"other",211.0439,-176,184,27.0439,27.0439,27.0439
"57","Batty House",2025,"Compass North",6,-179.0087,"other",180.9913,-176,184,-3.0087,3.0087,356.9913
"58","Batty House",2017,"Compass North",0,-178.6643,"other",181.3357,-176,184,-2.6643,2.6643,357.3357
"59","Batty House",2077,"Compass North",2,-179.5563,"other",180.4437,-176,184,-3.55629999999999,3.55629999999999,356.4437
"60","Batty House",2069,"Compass North",0,-178.7614,"other",181.2386,-176,184,-2.76140000000001,2.76140000000001,357.2386
"61","Batty House",2043,"Compass North",2,146.3911,"other",146.3911,-176,184,-37.6089,37.6089,322.3911
"62","Batty House",2076,"Mountain Range",7,102.9903,"other",102.9903,-176,184,-81.0097,81.0097,278.9903
"63","Batty House",2063,"Compass North",3,-179.0978,"other",180.9022,-176,184,-3.09780000000001,3.09780000000001,356.9022
"64","Batty House",2048,"Mountain Range",6,-164.0246,"other",195.9754,-176,184,11.9754,11.9754,11.9754
"65","Batty House",2036,"Compass North",2,177.8946,"other",177.8946,-176,184,-6.1054,6.1054,353.8946
"66","Batty House",2012,"Mountain Range",5,-150.6561,"other",209.3439,-176,184,25.3439,25.3439,25.3439
"67","Batty House",2044,"Mountain Range",0,-87.19341,"other",272.80659,-176,184,88.80659,88.80659,88.80659
"68","Batty House",2033,"Compass North",5,-2.260273,"other",357.739727,-176,184,173.739727,173.739727,173.739727
"69","Batty House",2014,"Mountain Range",3,-138.882,"other",221.118,-176,184,37.118,37.118,37.118
"70","Batty House",2084,"Mountain Range",1,177.2829,"other",177.2829,-176,184,-6.71709999999999,6.71709999999999,353.2829
"71","Batty House",2068,"Mountain Range",4,-151.5112,"other",208.4888,-176,184,24.4888,24.4888,24.4888
"72","Batty House",2042,"Mountain Range",1,102.2331,"other",102.2331,-176,184,-81.7669,81.7669,278.2331
"73","Batty House",2040,"Mountain Range",7,171.542,"other",171.542,-176,184,-12.458,12.458,347.542
"74","Batty House",2019,"Compass North",6,-174.462,"other",185.538,-176,184,1.53799999999998,1.53799999999998,1.53799999999998
"75","Batty House",2066,"Mountain Range",1,177.5625,"other",177.5625,-176,184,-6.4375,6.4375,353.5625
"76","Batty House",2083,"Mountain Range",6,127.4366,"other",127.4366,-176,184,-56.5634,56.5634,303.4366
"77","Golledge Hall",2011,"Compass North",32,48.17465,"other",48.17465,131.5,131.5,-83.32535,83.32535,276.67465
"78","Golledge Hall",2002,"Mountain Range",35,15.27489,"other",15.27489,131.5,131.5,-116.22511,116.22511,243.77489
"79","Golledge Hall",2027,"Compass North",34,177.2165,"other",177.2165,131.5,131.5,45.7165,45.7165,45.7165
"80","Golledge Hall",2014,"Mountain Range",32,162.008,"other",162.008,131.5,131.5,30.508,30.508,30.508
"81","Golledge Hall",2029,"Compass North",36,154.1688,"other",154.1688,131.5,131.5,22.6688,22.6688,22.6688
"82","Golledge Hall",2030,"Mountain Range",35,87.14243,"other",87.14243,131.5,131.5,-44.35757,44.35757,315.64243
"83","Golledge Hall",2003,"Mountain Range",38,-97.41544,"other",262.58456,131.5,131.5,131.08456,131.08456,131.08456
"84","Golledge Hall",2005,"Mountain Range",38,149.8948,"other",149.8948,131.5,131.5,18.3948,18.3948,18.3948
"85","Golledge Hall",2017,"Compass North",33,117.7359,"other",117.7359,131.5,131.5,-13.7641,13.7641,346.2359
"86","Golledge Hall",2015,"Compass North",32,-176.3348,"other",183.6652,131.5,131.5,52.1652,52.1652,52.1652
"87","Golledge Hall",2013,"Compass North",35,112.4722,"other",112.4722,131.5,131.5,-19.0278,19.0278,340.9722
"88","Golledge Hall",2026,"Mountain Range",39,170.1583,"other",170.1583,131.5,131.5,38.6583,38.6583,38.6583
"89","Golledge Hall",2006,"Mountain Range",32,60.04229,"other",60.04229,131.5,131.5,-71.45771,71.45771,288.54229
"90","Golledge Hall",2021,"Compass North",39,160.5351,"other",160.5351,131.5,131.5,29.0351,29.0351,29.0351
"91","Golledge Hall",2001,"Mountain Range",36,-83.67331,"other",276.32669,131.5,131.5,144.82669,144.82669,144.82669
"92","Golledge Hall",2007,"Compass North",39,-89.16451,"other",270.83549,131.5,131.5,139.33549,139.33549,139.33549
"93","Golledge Hall",2012,"Mountain Range",36,148.5851,"other",148.5851,131.5,131.5,17.0851,17.0851,17.0851
"94","Golledge Hall",2008,"Mountain Range",37,8.900532,"other",8.900532,131.5,131.5,-122.599468,122.599468,237.400532
"95","Golledge Hall",2016,"Mountain Range",34,13.09005,"other",13.09005,131.5,131.5,-118.40995,118.40995,241.59005
"96","Golledge Hall",2028,"Mountain Range",39,44.84943,"other",44.84943,131.5,131.5,-86.65057,86.65057,273.34943
"97","Golledge Hall",2025,"Compass North",39,142.9864,"other",142.9864,131.5,131.5,11.4864,11.4864,11.4864
"98","Golledge Hall",2039,"Mountain Range",38,-19.36262,"other",340.63738,131.5,131.5,209.13738,150.86262,209.13738
"99","Golledge Hall",2004,"Mountain Range",39,50.21097,"other",50.21097,131.5,131.5,-81.28903,81.28903,278.71097
"100","Golledge Hall",2018,"Mountain Range",36,20.48004,"other",20.48004,131.5,131.5,-111.01996,111.01996,248.98004
"101","Golledge Hall",2019,"Compass North",35,88.77351,"other",88.77351,131.5,131.5,-42.72649,42.72649,317.27351
"102","Golledge Hall",2023,"Compass North",38,-92.15105,"other",267.84895,131.5,131.5,136.34895,136.34895,136.34895
"103","Golledge Hall",2037,"Mountain Range",39,161.6696,"other",161.6696,131.5,131.5,30.1696,30.1696,30.1696
"104","Golledge Hall",2024,"Mountain Range",34,-173.7041,"other",186.2959,131.5,131.5,54.7959,54.7959,54.7959
"105","Golledge Hall",2036,"Compass North",35,152.9131,"other",152.9131,131.5,131.5,21.4131,21.4131,21.4131
"106","Golledge Hall",2034,"Mountain Range",36,-68.83511,"other",291.16489,131.5,131.5,159.66489,159.66489,159.66489
"107","Golledge Hall",2031,"Compass North",34,-172.3179,"other",187.6821,131.5,131.5,56.1821,56.1821,56.1821
"108","Golledge Hall",2033,"Compass North",34,-142.5737,"other",217.4263,131.5,131.5,85.9263,85.9263,85.9263
"109","Golledge Hall",2041,"Compass North",35,100.412,"other",100.412,131.5,131.5,-31.088,31.088,328.912
"110","Golledge Hall",2046,"Compass North",38,84.58952,"other",84.58952,131.5,131.5,-46.91048,46.91048,313.08952
"111","Golledge Hall",2044,"Mountain Range",32,-7.949446,"other",352.050554,131.5,131.5,220.550554,139.449446,220.550554
"112","Golledge Hall",2022,"Mountain Range",39,45.1612,"other",45.1612,131.5,131.5,-86.3388,86.3388,273.6612
"113","Golledge Hall",2040,"Mountain Range",34,-21.19331,"other",338.80669,131.5,131.5,207.30669,152.69331,207.30669
"114","Golledge Hall",2038,"Mountain Range",38,177.5757,"other",177.5757,131.5,131.5,46.0757,46.0757,46.0757
"115","Golledge Hall",2045,"Compass North",37,-53.366,"other",306.634,131.5,131.5,175.134,175.134,175.134
"116","Golledge Hall",2042,"Mountain Range",33,-175.6004,"other",184.3996,131.5,131.5,52.8996,52.8996,52.8996
"117","Golledge Hall",2035,"Mountain Range",39,-90.54203,"other",269.45797,131.5,131.5,137.95797,137.95797,137.95797
"118","Golledge Hall",2043,"Compass North",37,82.32704,"other",82.32704,131.5,131.5,-49.17296,49.17296,310.82704
"119","Golledge Hall",2049,"Mountain Range",33,-171.681,"other",188.319,131.5,131.5,56.819,56.819,56.819
"120","Golledge Hall",2047,"Compass North",35,-101.2085,"other",258.7915,131.5,131.5,127.2915,127.2915,127.2915
"121","Golledge Hall",2048,"Mountain Range",32,49.08482,"other",49.08482,131.5,131.5,-82.41518,82.41518,277.58482
"122","Golledge Hall",2060,"Mountain Range",38,148.8033,"other",148.8033,131.5,131.5,17.3033,17.3033,17.3033
"123","Golledge Hall",2056,"Mountain Range",34,13.87872,"other",13.87872,131.5,131.5,-117.62128,117.62128,242.37872
"124","Golledge Hall",2063,"Compass North",34,-83.29414,"other",276.70586,131.5,131.5,145.20586,145.20586,145.20586
"125","Golledge Hall",2051,"Compass North",38,-108.5588,"other",251.4412,131.5,131.5,119.9412,119.9412,119.9412
"126","Golledge Hall",2050,"Mountain Range",38,-56.90529,"other",303.09471,131.5,131.5,171.59471,171.59471,171.59471
"127","Golledge Hall",2057,"Compass North",38,77.24232,"other",77.24232,131.5,131.5,-54.25768,54.25768,305.74232
"128","Golledge Hall",2052,"Mountain Range",33,-97.00846,"other",262.99154,131.5,131.5,131.49154,131.49154,131.49154
"129","Golledge Hall",2070,"Mountain Range",38,62.37949,"other",62.37949,131.5,131.5,-69.12051,69.12051,290.87949
"130","Golledge Hall",2054,"Mountain Range",38,-23.02933,"other",336.97067,131.5,131.5,205.47067,154.52933,205.47067
"131","Golledge Hall",2058,"Mountain Range",32,-169.2777,"other",190.7223,131.5,131.5,59.2223,59.2223,59.2223
"132","Golledge Hall",2068,"Mountain Range",35,142.9659,"other",142.9659,131.5,131.5,11.4659,11.4659,11.4659
"133","Golledge Hall",2061,"Compass North",38,-111.0442,"other",248.9558,131.5,131.5,117.4558,117.4558,117.4558
"134","Golledge Hall",2069,"Compass North",36,66.8239,"other",66.8239,131.5,131.5,-64.6761,64.6761,295.3239
"135","Golledge Hall",2067,"Compass North",32,46.2384,"other",46.2384,131.5,131.5,-85.2616,85.2616,274.7384
"136","Golledge Hall",2080,"Compass North",34,105.2658,"other",105.2658,131.5,131.5,-26.2342,26.2342,333.7658
"137","Golledge Hall",2077,"Compass North",37,2.31283,"other",2.31283,131.5,131.5,-129.18717,129.18717,230.81283
"138","Golledge Hall",2059,"Compass North",38,-83.37057,"other",276.62943,131.5,131.5,145.12943,145.12943,145.12943
"139","Golledge Hall",2053,"Compass North",33,52.74819,"other",52.74819,131.5,131.5,-78.75181,78.75181,281.24819
"140","Golledge Hall",2066,"Mountain Range",36,-24.32408,"other",335.67592,131.5,131.5,204.17592,155.82408,204.17592
"141","Golledge Hall",2073,"Compass North",35,6.672385,"other",6.672385,131.5,131.5,-124.827615,124.827615,235.172385
"142","Golledge Hall",2072,"Mountain Range",34,30.64673,"other",30.64673,131.5,131.5,-100.85327,100.85327,259.14673
"143","Golledge Hall",2062,"Mountain Range",33,44.03112,"other",44.03112,131.5,131.5,-87.46888,87.46888,272.53112
"144","Golledge Hall",2075,"Compass North",38,90.05727,"other",90.05727,131.5,131.5,-41.44273,41.44273,318.55727
"145","Golledge Hall",2078,"Mountain Range",38,101.0577,"other",101.0577,131.5,131.5,-30.4423,30.4423,329.5577
"146","Golledge Hall",2064,"Mountain Range",37,-92.18658,"other",267.81342,131.5,131.5,136.31342,136.31342,136.31342
"147","Golledge Hall",2079,"Compass North",37,117.2828,"other",117.2828,131.5,131.5,-14.2172,14.2172,345.7828
"148","Golledge Hall",2084,"Mountain Range",35,154.5475,"other",154.5475,131.5,131.5,23.0475,23.0475,23.0475
"149","Golledge Hall",2076,"Mountain Range",38,-93.62038,"other",266.37962,131.5,131.5,134.87962,134.87962,134.87962
"150","Golledge Hall",2065,"Compass North",32,13.62382,"other",13.62382,131.5,131.5,-117.87618,117.87618,242.12382
"151","Golledge Hall",2074,"Mountain Range",37,72.27941,"other",72.27941,131.5,131.5,-59.22059,59.22059,300.77941
"152","Golledge Hall",2083,"Mountain Range",36,71.06329,"other",71.06329,131.5,131.5,-60.43671,60.43671,299.56329
"153","Harris Hall",2011,"Compass North",19,-3.782064,"other",356.217936,46,46,310.217936,49.782064,310.217936
"154","Harris Hall",2008,"Mountain Range",18,-35.83782,"other",324.16218,46,46,278.16218,81.83782,278.16218
"155","Harris Hall",2002,"Mountain Range",23,2.006231,"other",2.006231,46,46,-43.993769,43.993769,316.006231
"156","Harris Hall",2006,"Mountain Range",22,-17.7698,"other",342.2302,46,46,296.2302,63.7698,296.2302
"157","Harris Hall",2004,"Mountain Range",18,34.68788,"other",34.68788,46,46,-11.31212,11.31212,348.68788
"158","Harris Hall",2007,"Compass North",20,55.02776,"other",55.02776,46,46,9.02776,9.02776,9.02776
"159","Harris Hall",2012,"Mountain Range",19,103.8193,"other",103.8193,46,46,57.8193,57.8193,57.8193
"160","Harris Hall",2030,"Mountain Range",23,53.70138,"other",53.70138,46,46,7.70138000000001,7.70138000000001,7.70138000000001
"161","Harris Hall",2001,"Mountain Range",19,-98.70709,"other",261.29291,46,46,215.29291,144.70709,215.29291
"162","Harris Hall",2003,"Mountain Range",21,-107.4707,"other",252.5293,46,46,206.5293,153.4707,206.5293
"163","Harris Hall",2005,"Mountain Range",21,56.92571,"other",56.92571,46,46,10.92571,10.92571,10.92571
"164","Harris Hall",2017,"Compass North",23,56.12613,"other",56.12613,46,46,10.12613,10.12613,10.12613
"165","Harris Hall",2015,"Compass North",23,-42.11332,"other",317.88668,46,46,271.88668,88.11332,271.88668
"166","Harris Hall",2018,"Mountain Range",20,-105.11,"other",254.89,46,46,208.89,151.11,208.89
"167","Harris Hall",2019,"Compass North",23,54.49393,"other",54.49393,46,46,8.49393000000001,8.49393000000001,8.49393000000001
"168","Harris Hall",2027,"Compass North",20,-44.64778,"other",315.35222,46,46,269.35222,90.64778,269.35222
"169","Harris Hall",2021,"Compass North",18,50.57043,"other",50.57043,46,46,4.57043,4.57043,4.57043
"170","Harris Hall",2013,"Compass North",17,133.9689,"other",133.9689,46,46,87.9689,87.9689,87.9689
"171","Harris Hall",2026,"Mountain Range",20,-11.72434,"other",348.27566,46,46,302.27566,57.72434,302.27566
"172","Harris Hall",2023,"Compass North",22,-48.72183,"other",311.27817,46,46,265.27817,94.72183,265.27817
"173","Harris Hall",2037,"Mountain Range",20,40.9447,"other",40.9447,46,46,-5.0553,5.0553,354.9447
"174","Harris Hall",2016,"Mountain Range",19,-29.31117,"other",330.68883,46,46,284.68883,75.31117,284.68883
"175","Harris Hall",2014,"Mountain Range",23,53.09943,"other",53.09943,46,46,7.09943000000001,7.09943000000001,7.09943000000001
"176","Harris Hall",2029,"Compass North",20,49.65876,"other",49.65876,46,46,3.65876,3.65876,3.65876
"177","Harris Hall",2031,"Compass North",16,68.66923,"other",68.66923,46,46,22.66923,22.66923,22.66923
"178","Harris Hall",2033,"Compass North",23,-149.5455,"other",210.4545,46,46,164.4545,164.4545,164.4545
"179","Harris Hall",2028,"Mountain Range",16,-74.14342,"other",285.85658,46,46,239.85658,120.14342,239.85658
"180","Harris Hall",2025,"Compass North",21,48.55486,"other",48.55486,46,46,2.55486,2.55486,2.55486
"181","Harris Hall",2039,"Mountain Range",16,170.8085,"other",170.8085,46,46,124.8085,124.8085,124.8085
"182","Harris Hall",2022,"Mountain Range",20,17.27327,"other",17.27327,46,46,-28.72673,28.72673,331.27327
"183","Harris Hall",2040,"Mountain Range",23,109.7871,"other",109.7871,46,46,63.7871,63.7871,63.7871
"184","Harris Hall",2067,"Compass North",19,53.7693,"other",53.7693,46,46,7.7693,7.7693,7.7693
"185","Harris Hall",2049,"Mountain Range",23,85.55538,"other",85.55538,46,46,39.55538,39.55538,39.55538
"186","Harris Hall",2061,"Compass North",20,37.69429,"other",37.69429,46,46,-8.30571,8.30571,351.69429
"187","Harris Hall",2024,"Mountain Range",21,-51.94423,"other",308.05577,46,46,262.05577,97.94423,262.05577
"188","Harris Hall",2036,"Compass North",17,143.5288,"other",143.5288,46,46,97.5288,97.5288,97.5288
"189","Harris Hall",2034,"Mountain Range",23,131.9059,"other",131.9059,46,46,85.9059,85.9059,85.9059
"190","Harris Hall",2073,"Compass North",16,-41.52814,"other",318.47186,46,46,272.47186,87.52814,272.47186
"191","Harris Hall",2059,"Compass North",17,57.29997,"other",57.29997,46,46,11.29997,11.29997,11.29997
"192","Harris Hall",2062,"Mountain Range",19,-51.96917,"other",308.03083,46,46,262.03083,97.96917,262.03083
"193","Harris Hall",2057,"Compass North",22,47.6456,"other",47.6456,46,46,1.6456,1.6456,1.6456
"194","Harris Hall",2052,"Mountain Range",22,145.4561,"other",145.4561,46,46,99.4561,99.4561,99.4561
"195","Harris Hall",2064,"Mountain Range",17,-98.89587,"other",261.10413,46,46,215.10413,144.89587,215.10413
"196","Harris Hall",2054,"Mountain Range",22,140.673,"other",140.673,46,46,94.673,94.673,94.673
"197","Harris Hall",2038,"Mountain Range",18,35.07659,"other",35.07659,46,46,-10.92341,10.92341,349.07659
"198","Harris Hall",2080,"Compass North",18,53.55888,"other",53.55888,46,46,7.55888,7.55888,7.55888
"199","Harris Hall",2077,"Compass North",20,51.19682,"other",51.19682,46,46,5.19682,5.19682,5.19682
"200","Harris Hall",2065,"Compass North",22,-101.9077,"other",258.0923,46,46,212.0923,147.9077,212.0923
"201","Harris Hall",2060,"Mountain Range",17,58.84931,"other",58.84931,46,46,12.84931,12.84931,12.84931
"202","Harris Hall",2056,"Mountain Range",19,-142.6979,"other",217.3021,46,46,171.3021,171.3021,171.3021
"203","Harris Hall",2047,"Compass North",23,-19.97434,"other",340.02566,46,46,294.02566,65.97434,294.02566
"204","Harris Hall",2072,"Mountain Range",22,-93.18796,"other",266.81204,46,46,220.81204,139.18796,220.81204
"205","Harris Hall",2041,"Compass North",21,52.04102,"other",52.04102,46,46,6.04102,6.04102,6.04102
"206","Harris Hall",2075,"Compass North",19,39.71669,"other",39.71669,46,46,-6.28331,6.28331,353.71669
"207","Harris Hall",2078,"Mountain Range",21,13.5478,"other",13.5478,46,46,-32.4522,32.4522,327.5478
"208","Harris Hall",2051,"Compass North",21,-142.9734,"other",217.0266,46,46,171.0266,171.0266,171.0266
"209","Harris Hall",2079,"Compass North",22,66.07702,"other",66.07702,46,46,20.07702,20.07702,20.07702
"210","Harris Hall",2058,"Mountain Range",22,-121.9594,"other",238.0406,46,46,192.0406,167.9594,192.0406
"211","Harris Hall",2045,"Compass North",21,94.96732,"other",94.96732,46,46,48.96732,48.96732,48.96732
"212","Harris Hall",2042,"Mountain Range",23,-16.03831,"other",343.96169,46,46,297.96169,62.03831,297.96169
"213","Harris Hall",2035,"Mountain Range",23,-99.29493,"other",260.70507,46,46,214.70507,145.29493,214.70507
"214","Harris Hall",2074,"Mountain Range",19,4.069626,"other",4.069626,46,46,-41.930374,41.930374,318.069626
"215","Harris Hall",2076,"Mountain Range",19,-12.6937,"other",347.3063,46,46,301.3063,58.6937,301.3063
"216","Harris Hall",2063,"Compass North",21,49.0345,"other",49.0345,46,46,3.0345,3.0345,3.0345
"217","Harris Hall",2048,"Mountain Range",20,77.90829,"other",77.90829,46,46,31.90829,31.90829,31.90829
"218","Harris Hall",2053,"Compass North",19,137.8524,"other",137.8524,46,46,91.8524,91.8524,91.8524
"219","Harris Hall",2046,"Compass North",19,139.4858,"other",139.4858,46,46,93.4858,93.4858,93.4858
"220","Harris Hall",2044,"Mountain Range",17,-96.71011,"other",263.28989,46,46,217.28989,142.71011,217.28989
"221","Harris Hall",2070,"Mountain Range",17,-19.12214,"other",340.87786,46,46,294.87786,65.12214,294.87786
"222","Harris Hall",2050,"Mountain Range",20,135.1073,"other",135.1073,46,46,89.1073,89.1073,89.1073
"223","Harris Hall",2084,"Mountain Range",17,64.53291,"other",64.53291,46,46,18.53291,18.53291,18.53291
"224","Harris Hall",2068,"Mountain Range",16,57.94269,"other",57.94269,46,46,11.94269,11.94269,11.94269
"225","Harris Hall",2069,"Compass North",20,51.83775,"other",51.83775,46,46,5.83775,5.83775,5.83775
"226","Harris Hall",2043,"Compass North",20,140.2278,"other",140.2278,46,46,94.2278,94.2278,94.2278
"227","Harris Hall",2066,"Mountain Range",19,65.46841,"other",65.46841,46,46,19.46841,19.46841,19.46841
"228","Harris Hall",2083,"Mountain Range",22,15.19101,"other",15.19101,46,46,-30.80899,30.80899,329.19101
"229","Harvey House",2011,"Compass North",30,-27.64651,"other",332.35349,-133.5,226.5,105.85349,105.85349,105.85349
"230","Harvey House",2005,"Mountain Range",30,-124.9122,"other",235.0878,-133.5,226.5,8.58780000000002,8.58780000000002,8.58780000000002
"231","Harvey House",2017,"Compass North",29,-129.9296,"other",230.0704,-133.5,226.5,3.57040000000001,3.57040000000001,3.57040000000001
"232","Harvey House",2003,"Mountain Range",28,27.02561,"other",27.02561,-133.5,226.5,-199.47439,160.52561,160.52561
"233","Harvey House",2002,"Mountain Range",24,-178.6922,"other",181.3078,-133.5,226.5,-45.1922,45.1922,314.8078
"234","Harvey House",2006,"Mountain Range",29,101.9546,"other",101.9546,-133.5,226.5,-124.5454,124.5454,235.4546
"235","Harvey House",2021,"Compass North",31,-131.6235,"other",228.3765,-133.5,226.5,1.87649999999999,1.87649999999999,1.87649999999999
"236","Harvey House",2001,"Mountain Range",24,63.38627,"other",63.38627,-133.5,226.5,-163.11373,163.11373,196.88627
"237","Harvey House",2007,"Compass North",29,70.57997,"other",70.57997,-133.5,226.5,-155.92003,155.92003,204.07997
"238","Harvey House",2012,"Mountain Range",31,-104.8118,"other",255.1882,-133.5,226.5,28.6882,28.6882,28.6882
"239","Harvey House",2008,"Mountain Range",31,76.56242,"other",76.56242,-133.5,226.5,-149.93758,149.93758,210.06242
"240","Harvey House",2016,"Mountain Range",28,54.24742,"other",54.24742,-133.5,226.5,-172.25258,172.25258,187.74742
"241","Harvey House",2014,"Mountain Range",29,-106.1476,"other",253.8524,-133.5,226.5,27.3524,27.3524,27.3524
"242","Harvey House",2029,"Compass North",25,-130.9061,"other",229.0939,-133.5,226.5,2.59389999999999,2.59389999999999,2.59389999999999
"243","Harvey House",2031,"Compass North",27,82.47923,"other",82.47923,-133.5,226.5,-144.02077,144.02077,215.97923
"244","Harvey House",2004,"Mountain Range",26,-137.9752,"other",222.0248,-133.5,226.5,-4.4752,4.4752,355.5248
"245","Harvey House",2018,"Mountain Range",31,99.86329,"other",99.86329,-133.5,226.5,-126.63671,126.63671,233.36329
"246","Harvey House",2019,"Compass North",31,-128.5276,"other",231.4724,-133.5,226.5,4.97239999999999,4.97239999999999,4.97239999999999
"247","Harvey House",2027,"Compass North",28,-85.08986,"other",274.91014,-133.5,226.5,48.41014,48.41014,48.41014
"248","Harvey House",2022,"Mountain Range",30,53.6673,"other",53.6673,-133.5,226.5,-172.8327,172.8327,187.1673
"249","Harvey House",2013,"Compass North",27,103.4843,"other",103.4843,-133.5,226.5,-123.0157,123.0157,236.9843
"250","Harvey House",2026,"Mountain Range",31,16.45324,"other",16.45324,-133.5,226.5,-210.04676,149.95324,149.95324
"251","Harvey House",2023,"Compass North",31,40.63581,"other",40.63581,-133.5,226.5,-185.86419,174.13581,174.13581
"252","Harvey House",2030,"Mountain Range",30,55.92651,"other",55.92651,-133.5,226.5,-170.57349,170.57349,189.42651
"253","Harvey House",2024,"Mountain Range",24,20.35394,"other",20.35394,-133.5,226.5,-206.14606,153.85394,153.85394
"254","Harvey House",2036,"Compass North",26,21.07535,"other",21.07535,-133.5,226.5,-205.42465,154.57535,154.57535
"255","Harvey House",2034,"Mountain Range",30,-130.0944,"other",229.9056,-133.5,226.5,3.40559999999999,3.40559999999999,3.40559999999999
"256","Harvey House",2047,"Compass North",31,17.79373,"other",17.79373,-133.5,226.5,-208.70627,151.29373,151.29373
"257","Harvey House",2015,"Compass North",25,40.46521,"other",40.46521,-133.5,226.5,-186.03479,173.96521,173.96521
"258","Harvey House",2028,"Mountain Range",24,77.68063,"other",77.68063,-133.5,226.5,-148.81937,148.81937,211.18063
"259","Harvey House",2025,"Compass North",27,-131.3068,"other",228.6932,-133.5,226.5,2.19319999999999,2.19319999999999,2.19319999999999
"260","Harvey House",2039,"Mountain Range",28,-65.82317,"other",294.17683,-133.5,226.5,67.67683,67.67683,67.67683
"261","Harvey House",2051,"Compass North",28,-130.3529,"other",229.6471,-133.5,226.5,3.14709999999999,3.14709999999999,3.14709999999999
"262","Harvey House",2040,"Mountain Range",31,-132.7322,"other",227.2678,-133.5,226.5,0.767799999999994,0.767799999999994,0.767799999999994
"263","Harvey House",2038,"Mountain Range",28,-154.1927,"other",205.8073,-133.5,226.5,-20.6927,20.6927,339.3073
"264","Harvey House",2045,"Compass North",26,71.92929,"other",71.92929,-133.5,226.5,-154.57071,154.57071,205.42929
"265","Harvey House",2037,"Mountain Range",31,-113.8391,"other",246.1609,-133.5,226.5,19.6609,19.6609,19.6609
"266","Harvey House",2035,"Mountain Range",25,77.04102,"other",77.04102,-133.5,226.5,-149.45898,149.45898,210.54102
"267","Harvey House",2043,"Compass North",27,-132.5047,"other",227.4953,-133.5,226.5,0.995299999999986,0.995299999999986,0.995299999999986
"268","Harvey House",2049,"Mountain Range",31,-56.90836,"other",303.09164,-133.5,226.5,76.59164,76.59164,76.59164
"269","Harvey House",2061,"Compass North",29,119.8109,"other",119.8109,-133.5,226.5,-106.6891,106.6891,253.3109
"270","Harvey House",2033,"Compass North",30,86.90701,"other",86.90701,-133.5,226.5,-139.59299,139.59299,220.40701
"271","Harvey House",2041,"Compass North",26,-129.3439,"other",230.6561,-133.5,226.5,4.15610000000001,4.15610000000001,4.15610000000001
"272","Harvey House",2046,"Compass North",24,-130.9893,"other",229.0107,-133.5,226.5,2.51070000000001,2.51070000000001,2.51070000000001
"273","Harvey House",2044,"Mountain Range",28,101.6098,"other",101.6098,-133.5,226.5,-124.8902,124.8902,235.1098
"274","Harvey House",2059,"Compass North",30,-26.9285,"other",333.0715,-133.5,226.5,106.5715,106.5715,106.5715
"275","Harvey House",2050,"Mountain Range",26,-124.7105,"other",235.2895,-133.5,226.5,8.7895,8.7895,8.7895
"276","Harvey House",2057,"Compass North",25,-29.25412,"other",330.74588,-133.5,226.5,104.24588,104.24588,104.24588
"277","Harvey House",2052,"Mountain Range",31,48.95703,"other",48.95703,-133.5,226.5,-177.54297,177.54297,182.45703
"278","Harvey House",2042,"Mountain Range",25,102.0276,"other",102.0276,-133.5,226.5,-124.4724,124.4724,235.5276
"279","Harvey House",2054,"Mountain Range",26,-113.7849,"other",246.2151,-133.5,226.5,19.7151,19.7151,19.7151
"280","Harvey House",2067,"Compass North",28,-129.5627,"other",230.4373,-133.5,226.5,3.93729999999999,3.93729999999999,3.93729999999999
"281","Harvey House",2080,"Compass North",27,-129.8875,"other",230.1125,-133.5,226.5,3.61250000000001,3.61250000000001,3.61250000000001
"282","Harvey House",2077,"Compass North",31,-130.1463,"other",229.8537,-133.5,226.5,3.3537,3.3537,3.3537
"283","Harvey House",2048,"Mountain Range",27,-118.6661,"other",241.3339,-133.5,226.5,14.8339,14.8339,14.8339
"284","Harvey House",2060,"Mountain Range",26,-126.8074,"other",233.1926,-133.5,226.5,6.6926,6.6926,6.6926
"285","Harvey House",2056,"Mountain Range",30,-125.5725,"other",234.4275,-133.5,226.5,7.92750000000001,7.92750000000001,7.92750000000001
"286","Harvey House",2073,"Compass North",30,84.89291,"other",84.89291,-133.5,226.5,-141.60709,141.60709,218.39291
"287","Harvey House",2072,"Mountain Range",28,70.65363,"other",70.65363,-133.5,226.5,-155.84637,155.84637,204.15363
"288","Harvey House",2062,"Mountain Range",31,46.46932,"other",46.46932,-133.5,226.5,-180.03068,179.96932,179.96932
"289","Harvey House",2075,"Compass North",25,-129.487,"other",230.513,-133.5,226.5,4.01300000000001,4.01300000000001,4.01300000000001
"290","Harvey House",2078,"Mountain Range",28,-137.0112,"other",222.9888,-133.5,226.5,-3.5112,3.5112,356.4888
"291","Harvey House",2064,"Mountain Range",24,87.30148,"other",87.30148,-133.5,226.5,-139.19852,139.19852,220.80148
"292","Harvey House",2079,"Compass North",28,-125.0218,"other",234.9782,-133.5,226.5,8.47820000000002,8.47820000000002,8.47820000000002
"293","Harvey House",2058,"Mountain Range",27,50.35835,"other",50.35835,-133.5,226.5,-176.14165,176.14165,183.85835
"294","Harvey House",2068,"Mountain Range",26,-117.4936,"other",242.5064,-133.5,226.5,16.0064,16.0064,16.0064
"295","Harvey House",2063,"Compass North",25,51.17,"other",51.17,-133.5,226.5,-175.33,175.33,184.67
"296","Harvey House",2065,"Compass North",31,-129.7856,"other",230.2144,-133.5,226.5,3.71440000000001,3.71440000000001,3.71440000000001
"297","Harvey House",2074,"Mountain Range",26,-137.6662,"other",222.3338,-133.5,226.5,-4.1662,4.1662,355.8338
"298","Harvey House",2076,"Mountain Range",27,103.8583,"other",103.8583,-133.5,226.5,-122.6417,122.6417,237.3583
"299","Harvey House",2070,"Mountain Range",28,3.354271,"other",3.354271,-133.5,226.5,-223.145729,136.854271,136.854271
"300","Harvey House",2053,"Compass North",30,-130.4116,"other",229.5884,-133.5,226.5,3.08840000000001,3.08840000000001,3.08840000000001
"301","Harvey House",2066,"Mountain Range",24,-131.7132,"other",228.2868,-133.5,226.5,1.7868,1.7868,1.7868
"302","Harvey House",2069,"Compass North",27,-128.2138,"other",231.7862,-133.5,226.5,5.28620000000001,5.28620000000001,5.28620000000001
"303","Harvey House",2084,"Mountain Range",24,-134.5252,"other",225.4748,-133.5,226.5,-1.02520000000001,1.02520000000001,358.9748
"304","Harvey House",2083,"Mountain Range",28,-179.4342,"other",180.5658,-133.5,226.5,-45.9342,45.9342,314.0658
"305","Lynch Station",2006,"Mountain Range",11,-67.83602,"other",292.16398,117,117,175.16398,175.16398,175.16398
"306","Lynch Station",2021,"Compass North",11,113.3007,"other",113.3007,117,117,-3.69929999999999,3.69929999999999,356.3007
"307","Lynch Station",2002,"Mountain Range",14,60.47243,"other",60.47243,117,117,-56.52757,56.52757,303.47243
"308","Lynch Station",2011,"Compass North",10,40.78238,"other",40.78238,117,117,-76.21762,76.21762,283.78238
"309","Lynch Station",2008,"Mountain Range",15,17.37031,"other",17.37031,117,117,-99.62969,99.62969,260.37031
"310","Lynch Station",2016,"Mountain Range",12,-132.0283,"other",227.9717,117,117,110.9717,110.9717,110.9717
"311","Lynch Station",2003,"Mountain Range",14,25.01982,"other",25.01982,117,117,-91.98018,91.98018,268.01982
"312","Lynch Station",2005,"Mountain Range",9,110.9511,"other",110.9511,117,117,-6.0489,6.0489,353.9511
"313","Lynch Station",2017,"Compass North",10,115.1093,"other",115.1093,117,117,-1.8907,1.8907,358.1093
"314","Lynch Station",2004,"Mountain Range",9,87.75985,"other",87.75985,117,117,-29.24015,29.24015,330.75985
"315","Lynch Station",2018,"Mountain Range",9,42.22612,"other",42.22612,117,117,-74.77388,74.77388,285.22612
"316","Lynch Station",2019,"Compass North",14,113.8173,"other",113.8173,117,117,-3.1827,3.1827,356.8173
"317","Lynch Station",2049,"Mountain Range",10,140.0122,"other",140.0122,117,117,23.0122,23.0122,23.0122
"318","Lynch Station",2037,"Mountain Range",10,111.8418,"other",111.8418,117,117,-5.15819999999999,5.15819999999999,354.8418
"319","Lynch Station",2001,"Mountain Range",13,-43.97192,"other",316.02808,117,117,199.02808,160.97192,199.02808
"320","Lynch Station",2007,"Compass North",10,122.3152,"other",122.3152,117,117,5.3152,5.3152,5.3152
"321","Lynch Station",2012,"Mountain Range",11,118.21,"other",118.21,117,117,1.20999999999999,1.20999999999999,1.20999999999999
"322","Lynch Station",2030,"Mountain Range",15,113.048,"other",113.048,117,117,-3.952,3.952,356.048
"323","Lynch Station",2059,"Compass North",11,117.3556,"other",117.3556,117,117,0.355599999999995,0.355599999999995,0.355599999999995
"324","Lynch Station",2014,"Mountain Range",11,141.0577,"other",141.0577,117,117,24.0577,24.0577,24.0577
"325","Lynch Station",2057,"Compass North",12,114.7736,"other",114.7736,117,117,-2.2264,2.2264,357.7736
"326","Lynch Station",2039,"Mountain Range",8,1.194849,"other",1.194849,117,117,-115.805151,115.805151,244.194849
"327","Lynch Station",2015,"Compass North",11,80.64191,"other",80.64191,117,117,-36.35809,36.35809,323.64191
"328","Lynch Station",2054,"Mountain Range",10,-135.5211,"other",224.4789,117,117,107.4789,107.4789,107.4789
"329","Lynch Station",2067,"Compass North",12,113.8428,"other",113.8428,117,117,-3.1572,3.1572,356.8428
"330","Lynch Station",2027,"Compass North",8,111.4536,"other",111.4536,117,117,-5.54640000000001,5.54640000000001,354.4536
"331","Lynch Station",2061,"Compass North",13,114.8964,"other",114.8964,117,117,-2.1036,2.1036,357.8964
"332","Lynch Station",2013,"Compass North",10,15.6641,"other",15.6641,117,117,-101.3359,101.3359,258.6641
"333","Lynch Station",2060,"Mountain Range",14,113.4302,"other",113.4302,117,117,-3.5698,3.5698,356.4302
"334","Lynch Station",2034,"Mountain Range",9,115.1242,"other",115.1242,117,117,-1.8758,1.8758,358.1242
"335","Lynch Station",2073,"Compass North",11,-52.21999,"other",307.78001,117,117,190.78001,169.21999,190.78001
"336","Lynch Station",2024,"Mountain Range",13,52.09811,"other",52.09811,117,117,-64.90189,64.90189,295.09811
"337","Lynch Station",2062,"Mountain Range",15,34.2259,"other",34.2259,117,117,-82.7741,82.7741,277.2259
"338","Lynch Station",2029,"Compass North",8,114.2895,"other",114.2895,117,117,-2.7105,2.7105,357.2895
"339","Lynch Station",2052,"Mountain Range",14,-59.03488,"other",300.96512,117,117,183.96512,176.03488,183.96512
"340","Lynch Station",2064,"Mountain Range",9,-13.9916,"other",346.0084,117,117,229.0084,130.9916,229.0084
"341","Lynch Station",2028,"Mountain Range",14,19.54436,"other",19.54436,117,117,-97.45564,97.45564,262.54436
"342","Lynch Station",2038,"Mountain Range",13,87.38639,"other",87.38639,117,117,-29.61361,29.61361,330.38639
"343","Lynch Station",2080,"Compass North",14,113.9183,"other",113.9183,117,117,-3.0817,3.0817,356.9183
"344","Lynch Station",2022,"Mountain Range",15,18.05677,"other",18.05677,117,117,-98.94323,98.94323,261.05677
"345","Lynch Station",2065,"Compass North",11,115.9598,"other",115.9598,117,117,-1.0402,1.0402,358.9598
"346","Lynch Station",2026,"Mountain Range",15,15.81713,"other",15.81713,117,117,-101.18287,101.18287,258.81713
"347","Lynch Station",2056,"Mountain Range",8,-154.1079,"other",205.8921,117,117,88.8921,88.8921,88.8921
"348","Lynch Station",2047,"Compass North",12,-55.6772,"other",304.3228,117,117,187.3228,172.6772,187.3228
"349","Lynch Station",2072,"Mountain Range",12,3.468143,"other",3.468143,117,117,-113.531857,113.531857,246.468143
"350","Lynch Station",2041,"Compass North",12,115.483,"other",115.483,117,117,-1.517,1.517,358.483
"351","Lynch Station",2075,"Compass North",13,113.0474,"other",113.0474,117,117,-3.9526,3.9526,356.0474
"352","Lynch Station",2031,"Compass North",9,115.742,"other",115.742,117,117,-1.258,1.258,358.742
"353","Lynch Station",2051,"Compass North",8,-65.85084,"other",294.14916,117,117,177.14916,177.14916,177.14916
"354","Lynch Station",2079,"Compass North",9,130.8144,"other",130.8144,117,117,13.8144,13.8144,13.8144
"355","Lynch Station",2058,"Mountain Range",10,25.56202,"other",25.56202,117,117,-91.43798,91.43798,268.56202
"356","Lynch Station",2045,"Compass North",11,114.3067,"other",114.3067,117,117,-2.69329999999999,2.69329999999999,357.3067
"357","Lynch Station",2077,"Compass North",12,116.3861,"other",116.3861,117,117,-0.613900000000001,0.613900000000001,359.3861
"358","Lynch Station",2035,"Mountain Range",8,-10.6439,"other",349.3561,117,117,232.3561,127.6439,232.3561
"359","Lynch Station",2074,"Mountain Range",15,70.66647,"other",70.66647,117,117,-46.33353,46.33353,313.66647
"360","Lynch Station",2023,"Compass North",15,13.99615,"other",13.99615,117,117,-103.00385,103.00385,256.99615
"361","Lynch Station",2063,"Compass North",13,116.8636,"other",116.8636,117,117,-0.136399999999995,0.136399999999995,359.8636
"362","Lynch Station",2048,"Mountain Range",14,116.9262,"other",116.9262,117,117,-0.0738000000000056,0.0738000000000056,359.9262
"363","Lynch Station",2053,"Compass North",15,-64.89504,"other",295.10496,117,117,178.10496,178.10496,178.10496
"364","Lynch Station",2046,"Compass North",14,115.762,"other",115.762,117,117,-1.238,1.238,358.762
"365","Lynch Station",2078,"Mountain Range",12,70.27692,"other",70.27692,117,117,-46.72308,46.72308,313.27692
"366","Lynch Station",2070,"Mountain Range",12,-2.636559,"other",357.363441,117,117,240.363441,119.636559,240.363441
"367","Lynch Station",2050,"Mountain Range",13,114.4436,"other",114.4436,117,117,-2.5564,2.5564,357.4436
"368","Lynch Station",2025,"Compass North",12,114.087,"other",114.087,117,117,-2.913,2.913,357.087
"369","Lynch Station",2068,"Mountain Range",8,115.4587,"other",115.4587,117,117,-1.54130000000001,1.54130000000001,358.4587
"370","Lynch Station",2042,"Mountain Range",9,48.74817,"other",48.74817,117,117,-68.25183,68.25183,291.74817
"371","Lynch Station",2069,"Compass North",14,114.3608,"other",114.3608,117,117,-2.6392,2.6392,357.3608
"372","Lynch Station",2043,"Compass North",14,32.79233,"other",32.79233,117,117,-84.20767,84.20767,275.79233
"373","Lynch Station",2076,"Mountain Range",12,52.37901,"other",52.37901,117,117,-64.62099,64.62099,295.37901
"374","Lynch Station",2044,"Mountain Range",14,50.11436,"other",50.11436,117,117,-66.88564,66.88564,293.11436
"375","Lynch Station",2033,"Compass North",10,109.2329,"other",109.2329,117,117,-7.7671,7.7671,352.2329
"376","Lynch Station",2036,"Compass North",12,112.2203,"other",112.2203,117,117,-4.77970000000001,4.77970000000001,355.2203
"377","Lynch Station",2066,"Mountain Range",8,116.2973,"other",116.2973,117,117,-0.702699999999993,0.702699999999993,359.2973
"378","Lynch Station",2040,"Mountain Range",13,112.4387,"other",112.4387,117,117,-4.5613,4.5613,355.4387
"379","Lynch Station",2084,"Mountain Range",14,111.6525,"other",111.6525,117,117,-5.3475,5.3475,354.6525
"380","Lynch Station",2083,"Mountain Range",9,73.91084,"other",73.91084,117,117,-43.08916,43.08916,316.91084
"381","Sauer Center",2011,"Compass North",51,-67.55684,"other",292.44316,-26.5,333.5,-41.05684,41.05684,318.94316
"382","Sauer Center",2002,"Mountain Range",48,171.7209,"other",171.7209,-26.5,333.5,-161.7791,161.7791,198.2209
"383","Sauer Center",2049,"Mountain Range",50,-12.83132,"other",347.16868,-26.5,333.5,13.66868,13.66868,13.66868
"384","Sauer Center",2014,"Mountain Range",51,-30.79786,"other",329.20214,-26.5,333.5,-4.29786000000001,4.29786000000001,355.70214
"385","Sauer Center",2057,"Compass North",50,-64.73918,"other",295.26082,-26.5,333.5,-38.23918,38.23918,321.76082
"386","Sauer Center",2044,"Mountain Range",50,-21.81752,"other",338.18248,-26.5,333.5,4.68248,4.68248,4.68248
"387","Sauer Center",2033,"Compass North",51,39.08566,"other",39.08566,-26.5,333.5,-294.41434,65.58566,65.58566
"388","Sauer Center",2003,"Mountain Range",52,-15.4485,"other",344.5515,-26.5,333.5,11.0515,11.0515,11.0515
"389","Sauer Center",2038,"Mountain Range",54,-15.79631,"other",344.20369,-26.5,333.5,10.70369,10.70369,10.70369
"390","Sauer Center",2027,"Compass North",52,-14.39522,"other",345.60478,-26.5,333.5,12.10478,12.10478,12.10478
"391","Sauer Center",2037,"Mountain Range",52,-70.82083,"other",289.17917,-26.5,333.5,-44.32083,44.32083,315.67917
"392","Sauer Center",2013,"Compass North",49,-44.68092,"other",315.31908,-26.5,333.5,-18.18092,18.18092,341.81908
"393","Sauer Center",2060,"Mountain Range",52,-4.074724,"other",355.925276,-26.5,333.5,22.425276,22.425276,22.425276
"394","Sauer Center",2034,"Mountain Range",49,-30.60112,"other",329.39888,-26.5,333.5,-4.10111999999998,4.10111999999998,355.89888
"395","Sauer Center",2030,"Mountain Range",48,-67.05051,"other",292.94949,-26.5,333.5,-40.55051,40.55051,319.44949
"396","Sauer Center",2001,"Mountain Range",53,51.69865,"other",51.69865,-26.5,333.5,-281.80135,78.19865,78.19865
"397","Sauer Center",2041,"Compass North",51,-57.91154,"other",302.08846,-26.5,333.5,-31.41154,31.41154,328.58846
"398","Sauer Center",2029,"Compass North",51,6.63513,"other",6.63513,-26.5,333.5,-326.86487,33.13513,33.13513
"399","Sauer Center",2039,"Mountain Range",50,166.0934,"other",166.0934,-26.5,333.5,-167.4066,167.4066,192.5934
"400","Sauer Center",2015,"Compass North",53,-25.31964,"other",334.68036,-26.5,333.5,1.18036000000001,1.18036000000001,1.18036000000001
"401","Sauer Center",2054,"Mountain Range",53,159.8781,"other",159.8781,-26.5,333.5,-173.6219,173.6219,186.3781
"402","Sauer Center",2005,"Mountain Range",54,5.684307,"other",5.684307,-26.5,333.5,-327.815693,32.184307,32.184307
"403","Sauer Center",2045,"Compass North",54,-27.32855,"other",332.67145,-26.5,333.5,-0.828550000000007,0.828550000000007,359.17145
"404","Sauer Center",2004,"Mountain Range",52,-79.97739,"other",280.02261,-26.5,333.5,-53.47739,53.47739,306.52261
"405","Sauer Center",2035,"Mountain Range",54,54.3432,"other",54.3432,-26.5,333.5,-279.1568,80.8432,80.8432
"406","Sauer Center",2026,"Mountain Range",53,-153.96,"other",206.04,-26.5,333.5,-127.46,127.46,232.54
"407","Sauer Center",2006,"Mountain Range",55,-92.08609,"other",267.91391,-26.5,333.5,-65.58609,65.58609,294.41391
"408","Sauer Center",2047,"Compass North",54,-26.65743,"other",333.34257,-26.5,333.5,-0.157429999999977,0.157429999999977,359.84257
"409","Sauer Center",2059,"Compass North",50,-136.377,"other",223.623,-26.5,333.5,-109.877,109.877,250.123
"410","Sauer Center",2007,"Compass North",48,-21.57429,"other",338.42571,-26.5,333.5,4.92570999999998,4.92570999999998,4.92570999999998
"411","Sauer Center",2046,"Compass North",50,-31.81681,"other",328.18319,-26.5,333.5,-5.31680999999998,5.31680999999998,354.68319
"412","Sauer Center",2008,"Mountain Range",50,-132.898,"other",227.102,-26.5,333.5,-106.398,106.398,253.602
"413","Sauer Center",2051,"Compass North",48,32.39363,"other",32.39363,-26.5,333.5,-301.10637,58.89363,58.89363
"414","Sauer Center",2028,"Mountain Range",52,-72.92609,"other",287.07391,-26.5,333.5,-46.42609,46.42609,313.57391
"415","Sauer Center",2058,"Mountain Range",53,-10.76706,"other",349.23294,-26.5,333.5,15.73294,15.73294,15.73294
"416","Sauer Center",2017,"Compass North",48,-33.47185,"other",326.52815,-26.5,333.5,-6.97185000000002,6.97185000000002,353.02815
"417","Sauer Center",2061,"Compass North",52,-36.5617,"other",323.4383,-26.5,333.5,-10.0617,10.0617,349.9383
"418","Sauer Center",2018,"Mountain Range",49,-104.7329,"other",255.2671,-26.5,333.5,-78.2329,78.2329,281.7671
"419","Sauer Center",2043,"Compass North",49,-57.85878,"other",302.14122,-26.5,333.5,-31.35878,31.35878,328.64122
"420","Sauer Center",2056,"Mountain Range",53,-25.25298,"other",334.74702,-26.5,333.5,1.24702000000002,1.24702000000002,1.24702000000002
"421","Sauer Center",2021,"Compass North",51,30.23676,"other",30.23676,-26.5,333.5,-303.26324,56.73676,56.73676
"422","Sauer Center",2024,"Mountain Range",51,-33.64343,"other",326.35657,-26.5,333.5,-7.14343000000002,7.14343000000002,352.85657
"423","Sauer Center",2053,"Compass North",48,-57.96569,"other",302.03431,-26.5,333.5,-31.46569,31.46569,328.53431
"424","Sauer Center",2012,"Mountain Range",48,-32.14498,"other",327.85502,-26.5,333.5,-5.64497999999998,5.64497999999998,354.35502
"425","Sauer Center",2052,"Mountain Range",54,40.51241,"other",40.51241,-26.5,333.5,-292.98759,67.01241,67.01241
"426","Sauer Center",2016,"Mountain Range",52,-82.59386,"other",277.40614,-26.5,333.5,-56.09386,56.09386,303.90614
"427","Sauer Center",2050,"Mountain Range",48,44.82364,"other",44.82364,-26.5,333.5,-288.67636,71.32364,71.32364
"428","Sauer Center",2025,"Compass North",49,0.5801346,"other",0.5801346,-26.5,333.5,-332.9198654,27.0801346,27.0801346
"429","Sauer Center",2068,"Mountain Range",49,-69.12504,"other",290.87496,-26.5,333.5,-42.62504,42.62504,317.37496
"430","Sauer Center",2022,"Mountain Range",54,-85.28776,"other",274.71224,-26.5,333.5,-58.78776,58.78776,301.21224
"431","Sauer Center",2069,"Compass North",48,-55.74707,"other",304.25293,-26.5,333.5,-29.24707,29.24707,330.75293
"432","Sauer Center",2019,"Compass North",55,-65.02749,"other",294.97251,-26.5,333.5,-38.52749,38.52749,321.47251
"433","Sauer Center",2023,"Compass North",54,-76.00949,"other",283.99051,-26.5,333.5,-49.50949,49.50949,310.49051
"434","Sauer Center",2063,"Compass North",52,-94.87971,"other",265.12029,-26.5,333.5,-68.37971,68.37971,291.62029
"435","Sauer Center",2048,"Mountain Range",51,-75.79202,"other",284.20798,-26.5,333.5,-49.29202,49.29202,310.70798
"436","Sauer Center",2036,"Compass North",54,-20.09346,"other",339.90654,-26.5,333.5,6.40654000000001,6.40654000000001,6.40654000000001
"437","Sauer Center",2066,"Mountain Range",55,-111.445,"other",248.555,-26.5,333.5,-84.945,84.945,275.055
"438","Sauer Center",2031,"Compass North",48,10.728,"other",10.728,-26.5,333.5,-322.772,37.228,37.228
"439","Sauer Center",2070,"Mountain Range",55,-110.2666,"other",249.7334,-26.5,333.5,-83.7666,83.7666,276.2334
"440","Sauer Center",2062,"Mountain Range",49,-89.83567,"other",270.16433,-26.5,333.5,-63.33567,63.33567,296.66433
"441","Sauer Center",2075,"Compass North",48,-74.70413,"other",285.29587,-26.5,333.5,-48.20413,48.20413,311.79587
"442","Sauer Center",2078,"Mountain Range",49,-57.3774,"other",302.6226,-26.5,333.5,-30.8774,30.8774,329.1226
"443","Sauer Center",2042,"Mountain Range",51,-16.30761,"other",343.69239,-26.5,333.5,10.19239,10.19239,10.19239
"444","Sauer Center",2040,"Mountain Range",55,-15.62486,"other",344.37514,-26.5,333.5,10.87514,10.87514,10.87514
"445","Sauer Center",2067,"Compass North",50,-67.31831,"other",292.68169,-26.5,333.5,-40.81831,40.81831,319.18169
"446","Sauer Center",2080,"Compass North",55,-66.66862,"other",293.33138,-26.5,333.5,-40.16862,40.16862,319.83138
"447","Sauer Center",2077,"Compass North",48,-29.70944,"other",330.29056,-26.5,333.5,-3.20943999999997,3.20943999999997,356.79056
"448","Sauer Center",2065,"Compass North",51,-70.83607,"other",289.16393,-26.5,333.5,-44.33607,44.33607,315.66393
"449","Sauer Center",2074,"Mountain Range",48,-47.11773,"other",312.88227,-26.5,333.5,-20.61773,20.61773,339.38227
"450","Sauer Center",2076,"Mountain Range",54,16.37962,"other",16.37962,-26.5,333.5,-317.12038,42.87962,42.87962
"451","Sauer Center",2073,"Compass North",55,-21.37265,"other",338.62735,-26.5,333.5,5.12734999999998,5.12734999999998,5.12734999999998
"452","Sauer Center",2072,"Mountain Range",55,-70.73307,"other",289.26693,-26.5,333.5,-44.23307,44.23307,315.76693
"453","Sauer Center",2083,"Mountain Range",49,-83.5734,"other",276.4266,-26.5,333.5,-57.0734,57.0734,302.9266
"454","Sauer Center",2084,"Mountain Range",55,12.99706,"other",12.99706,-26.5,333.5,-320.50294,39.49706,39.49706
"455","Sauer Center",2064,"Mountain Range",48,-33.6353,"other",326.3647,-26.5,333.5,-7.13530000000003,7.13530000000003,352.8647
"456","Sauer Center",2079,"Compass North",48,-61.17062,"other",298.82938,-26.5,333.5,-34.67062,34.67062,325.32938
"457","Snow Church",2011,"Compass North",43,37.83451,"other",37.83451,-134.5,225.5,-187.66549,172.33451,172.33451
"458","Snow Church",2014,"Mountain Range",45,-105.5563,"other",254.4437,-134.5,225.5,28.9437,28.9437,28.9437
"459","Snow Church",2038,"Mountain Range",44,-101.2098,"other",258.7902,-134.5,225.5,33.2902,33.2902,33.2902
"460","Snow Church",2027,"Compass North",40,-64.88045,"other",295.11955,-134.5,225.5,69.61955,69.61955,69.61955
"461","Snow Church",2013,"Compass North",45,-117.0031,"other",242.9969,-134.5,225.5,17.4969,17.4969,17.4969
"462","Snow Church",2002,"Mountain Range",45,174.2163,"other",174.2163,-134.5,225.5,-51.2837,51.2837,308.7163
"463","Snow Church",2034,"Mountain Range",47,178.9253,"other",178.9253,-134.5,225.5,-46.5747,46.5747,313.4253
"464","Snow Church",2030,"Mountain Range",41,-176.2832,"other",183.7168,-134.5,225.5,-41.7832,41.7832,318.2168
"465","Snow Church",2033,"Compass North",47,-21.23653,"other",338.76347,-134.5,225.5,113.26347,113.26347,113.26347
"466","Snow Church",2041,"Compass North",42,-138.8237,"other",221.1763,-134.5,225.5,-4.3237,4.3237,355.6763
"467","Snow Church",2029,"Compass North",47,-104.3717,"other",255.6283,-134.5,225.5,30.1283,30.1283,30.1283
"468","Snow Church",2039,"Mountain Range",46,-6.563904,"other",353.436096,-134.5,225.5,127.936096,127.936096,127.936096
"469","Snow Church",2015,"Compass North",46,2.795754,"other",2.795754,-134.5,225.5,-222.704246,137.295754,137.295754
"470","Snow Church",2003,"Mountain Range",40,47.50337,"other",47.50337,-134.5,225.5,-177.99663,177.99663,182.00337
"471","Snow Church",2005,"Mountain Range",47,-109.263,"other",250.737,-134.5,225.5,25.237,25.237,25.237
"472","Snow Church",2045,"Compass North",46,38.41218,"other",38.41218,-134.5,225.5,-187.08782,172.91218,172.91218
"473","Snow Church",2037,"Mountain Range",47,-89.09054,"other",270.90946,-134.5,225.5,45.40946,45.40946,45.40946
"474","Snow Church",2035,"Mountain Range",42,-34.23303,"other",325.76697,-134.5,225.5,100.26697,100.26697,100.26697
"475","Snow Church",2026,"Mountain Range",45,116.6161,"other",116.6161,-134.5,225.5,-108.8839,108.8839,251.1161
"476","Snow Church",2006,"Mountain Range",46,153.6707,"other",153.6707,-134.5,225.5,-71.8293,71.8293,288.1707
"477","Snow Church",2047,"Compass North",40,-101.2862,"other",258.7138,-134.5,225.5,33.2138,33.2138,33.2138
"478","Snow Church",2001,"Mountain Range",46,-28.36719,"other",331.63281,-134.5,225.5,106.13281,106.13281,106.13281
"479","Snow Church",2007,"Compass North",46,4.99583,"other",4.99583,-134.5,225.5,-220.50417,139.49583,139.49583
"480","Snow Church",2046,"Compass North",41,-101.2749,"other",258.7251,-134.5,225.5,33.2251,33.2251,33.2251
"481","Snow Church",2008,"Mountain Range",42,111.1505,"other",111.1505,-134.5,225.5,-114.3495,114.3495,245.6505
"482","Snow Church",2051,"Compass North",46,121.6282,"other",121.6282,-134.5,225.5,-103.8718,103.8718,256.1282
"483","Snow Church",2028,"Mountain Range",40,-72.65466,"other",287.34534,-134.5,225.5,61.84534,61.84534,61.84534
"484","Snow Church",2025,"Compass North",46,-121.5059,"other",238.4941,-134.5,225.5,12.9941,12.9941,12.9941
"485","Snow Church",2017,"Compass North",44,-131.477,"other",228.523,-134.5,225.5,3.023,3.023,3.023
"486","Snow Church",2004,"Mountain Range",44,-178.245,"other",181.755,-134.5,225.5,-43.745,43.745,316.255
"487","Snow Church",2018,"Mountain Range",46,113.7547,"other",113.7547,-134.5,225.5,-111.7453,111.7453,248.2547
"488","Snow Church",2043,"Compass North",45,-175.1897,"other",184.8103,-134.5,225.5,-40.6897,40.6897,319.3103
"489","Snow Church",2023,"Compass North",40,21.74653,"other",21.74653,-134.5,225.5,-203.75347,156.24653,156.24653
"490","Snow Church",2021,"Compass North",42,-7.957986,"other",352.042014,-134.5,225.5,126.542014,126.542014,126.542014
"491","Snow Church",2024,"Mountain Range",47,-105.811,"other",254.189,-134.5,225.5,28.689,28.689,28.689
"492","Snow Church",2036,"Compass North",46,-83.59197,"other",276.40803,-134.5,225.5,50.90803,50.90803,50.90803
"493","Snow Church",2012,"Mountain Range",43,-138.8202,"other",221.1798,-134.5,225.5,-4.3202,4.3202,355.6798
"494","Snow Church",2031,"Compass North",45,-33.43381,"other",326.56619,-134.5,225.5,101.06619,101.06619,101.06619
"495","Snow Church",2016,"Mountain Range",43,113.1655,"other",113.1655,-134.5,225.5,-112.3345,112.3345,247.6655
"496","Snow Church",2050,"Mountain Range",45,115.6369,"other",115.6369,-134.5,225.5,-109.8631,109.8631,250.1369
"497","Snow Church",2057,"Compass North",40,160.3638,"other",160.3638,-134.5,225.5,-65.1362,65.1362,294.8638
"498","Snow Church",2052,"Mountain Range",43,-171.2177,"other",188.7823,-134.5,225.5,-36.7177,36.7177,323.2823
"499","Snow Church",2022,"Mountain Range",40,163.1079,"other",163.1079,-134.5,225.5,-62.3921,62.3921,297.6079
"500","Snow Church",2040,"Mountain Range",46,113.2193,"other",113.2193,-134.5,225.5,-112.2807,112.2807,247.7193
"501","Snow Church",2019,"Compass North",44,175.0912,"other",175.0912,-134.5,225.5,-50.4088,50.4088,309.5912
"502","Snow Church",2049,"Mountain Range",43,-103.9416,"other",256.0584,-134.5,225.5,30.5584,30.5584,30.5584
"503","Snow Church",2061,"Compass North",43,-139.5734,"other",220.4266,-134.5,225.5,-5.07339999999999,5.07339999999999,354.9266
"504","Snow Church",2048,"Mountain Range",41,-174.0865,"other",185.9135,-134.5,225.5,-39.5865,39.5865,320.4135
"505","Snow Church",2060,"Mountain Range",43,-102.9406,"other",257.0594,-134.5,225.5,31.5594,31.5594,31.5594
"506","Snow Church",2056,"Mountain Range",43,178.3346,"other",178.3346,-134.5,225.5,-47.1654,47.1654,312.8346
"507","Snow Church",2044,"Mountain Range",43,166.3701,"other",166.3701,-134.5,225.5,-59.1299,59.1299,300.8701
"508","Snow Church",2059,"Compass North",41,176.0437,"other",176.0437,-134.5,225.5,-49.4563,49.4563,310.5437
"509","Snow Church",2053,"Compass North",45,10.16115,"other",10.16115,-134.5,225.5,-215.33885,144.66115,144.66115
"510","Snow Church",2066,"Mountain Range",47,113.3642,"other",113.3642,-134.5,225.5,-112.1358,112.1358,247.8642
"511","Snow Church",2073,"Compass North",45,5.567536,"other",5.567536,-134.5,225.5,-219.932464,140.067536,140.067536
"512","Snow Church",2042,"Mountain Range",41,-75.75169,"other",284.24831,-134.5,225.5,58.74831,58.74831,58.74831
"513","Snow Church",2054,"Mountain Range",45,-30.21198,"other",329.78802,-134.5,225.5,104.28802,104.28802,104.28802
"514","Snow Church",2058,"Mountain Range",40,-103.8335,"other",256.1665,-134.5,225.5,30.6665,30.6665,30.6665
"515","Snow Church",2068,"Mountain Range",45,-165.7844,"other",194.2156,-134.5,225.5,-31.2844,31.2844,328.7156
"516","Snow Church",2064,"Mountain Range",42,-30.50077,"other",329.49923,-134.5,225.5,103.99923,103.99923,103.99923
"517","Snow Church",2069,"Compass North",42,-136.981,"other",223.019,-134.5,225.5,-2.48099999999999,2.48099999999999,357.519
"518","Snow Church",2067,"Compass North",43,-141.3837,"other",218.6163,-134.5,225.5,-6.8837,6.8837,353.1163
"519","Snow Church",2080,"Compass North",43,-172.754,"other",187.246,-134.5,225.5,-38.254,38.254,321.746
"520","Snow Church",2063,"Compass North",43,120.1134,"other",120.1134,-134.5,225.5,-105.3866,105.3866,254.6134
"521","Snow Church",2065,"Compass North",44,-173.7702,"other",186.2298,-134.5,225.5,-39.2702,39.2702,320.7298
"522","Snow Church",2074,"Mountain Range",46,-166.47,"other",193.53,-134.5,225.5,-31.97,31.97,328.03
"523","Snow Church",2076,"Mountain Range",40,-101.3347,"other",258.6653,-134.5,225.5,33.1653,33.1653,33.1653
"524","Snow Church",2078,"Mountain Range",40,179.5879,"other",179.5879,-134.5,225.5,-45.9121,45.9121,314.0879
"525","Snow Church",2070,"Mountain Range",41,-104.0391,"other",255.9609,-134.5,225.5,30.4609,30.4609,30.4609
"526","Snow Church",2062,"Mountain Range",42,159.3472,"other",159.3472,-134.5,225.5,-66.1528,66.1528,293.8472
"527","Snow Church",2075,"Compass North",47,159.6324,"other",159.6324,-134.5,225.5,-65.8676,65.8676,294.1324
"528","Snow Church",2077,"Compass North",44,-102.6854,"other",257.3146,-134.5,225.5,31.8146,31.8146,31.8146
"529","Snow Church",2079,"Compass North",41,-147.9067,"other",212.0933,-134.5,225.5,-13.4067,13.4067,346.5933
"530","Snow Church",2084,"Mountain Range",44,-106.4491,"other",253.5509,-134.5,225.5,28.0509,28.0509,28.0509
"531","Snow Church",2072,"Mountain Range",44,-179.3073,"other",180.6927,-134.5,225.5,-44.8073,44.8073,315.1927
"532","Snow Church",2083,"Mountain Range",45,-173.8319,"other",186.1681,-134.5,225.5,-39.3319,39.3319,320.6681
"533","Tobler Museum",2011,"Compass North",57,-29.28828,"other",330.71172,152.5,152.5,178.21172,178.21172,178.21172
"534","Tobler Museum",2014,"Mountain Range",59,111.6609,"other",111.6609,152.5,152.5,-40.8391,40.8391,319.1609
"535","Tobler Museum",2067,"Compass North",60,111.6785,"other",111.6785,152.5,152.5,-40.8215,40.8215,319.1785
"536","Tobler Museum",2049,"Mountain Range",57,141.4529,"other",141.4529,152.5,152.5,-11.0471,11.0471,348.9529
"537","Tobler Museum",2037,"Mountain Range",58,67.65573,"other",67.65573,152.5,152.5,-84.84427,84.84427,275.15573
"538","Tobler Museum",2013,"Compass North",57,90.4402,"other",90.4402,152.5,152.5,-62.0598,62.0598,297.9402
"539","Tobler Museum",2002,"Mountain Range",56,107.3845,"other",107.3845,152.5,152.5,-45.1155,45.1155,314.8845
"540","Tobler Museum",2066,"Mountain Range",60,33.93603,"other",33.93603,152.5,152.5,-118.56397,118.56397,241.43603
"541","Tobler Museum",2044,"Mountain Range",62,16.37001,"other",16.37001,152.5,152.5,-136.12999,136.12999,223.87001
"542","Tobler Museum",2033,"Compass North",56,76.76328,"other",76.76328,152.5,152.5,-75.73672,75.73672,284.26328
"543","Tobler Museum",2062,"Mountain Range",63,62.15931,"other",62.15931,152.5,152.5,-90.34069,90.34069,269.65931
"544","Tobler Museum",2057,"Compass North",58,110.2847,"other",110.2847,152.5,152.5,-42.2153,42.2153,317.7847
"545","Tobler Museum",2039,"Mountain Range",60,116.0551,"other",116.0551,152.5,152.5,-36.4449,36.4449,323.5551
"546","Tobler Museum",2015,"Compass North",56,27.06896,"other",27.06896,152.5,152.5,-125.43104,125.43104,234.56896
"547","Tobler Museum",2003,"Mountain Range",62,167.9219,"other",167.9219,152.5,152.5,15.4219,15.4219,15.4219
"548","Tobler Museum",2038,"Mountain Range",58,157.6153,"other",157.6153,152.5,152.5,5.11529999999999,5.11529999999999,5.11529999999999
"549","Tobler Museum",2027,"Compass North",56,25.5981,"other",25.5981,152.5,152.5,-126.9019,126.9019,233.0981
"550","Tobler Museum",2004,"Mountain Range",61,60.91668,"other",60.91668,152.5,152.5,-91.58332,91.58332,268.41668
"551","Tobler Museum",2065,"Compass North",60,110.9021,"other",110.9021,152.5,152.5,-41.5979,41.5979,318.4021
"552","Tobler Museum",2060,"Mountain Range",63,152.607,"other",152.607,152.5,152.5,0.106999999999999,0.106999999999999,0.106999999999999
"553","Tobler Museum",2034,"Mountain Range",62,19.69148,"other",19.69148,152.5,152.5,-132.80852,132.80852,227.19148
"554","Tobler Museum",2030,"Mountain Range",56,102.1865,"other",102.1865,152.5,152.5,-50.3135,50.3135,309.6865
"555","Tobler Museum",2001,"Mountain Range",63,-170.7869,"other",189.2131,152.5,152.5,36.7131,36.7131,36.7131
"556","Tobler Museum",2041,"Compass North",58,109.3675,"other",109.3675,152.5,152.5,-43.1325,43.1325,316.8675
"557","Tobler Museum",2029,"Compass North",56,15.17474,"other",15.17474,152.5,152.5,-137.32526,137.32526,222.67474
"558","Tobler Museum",2008,"Mountain Range",62,41.66781,"other",41.66781,152.5,152.5,-110.83219,110.83219,249.16781
"559","Tobler Museum",2064,"Mountain Range",59,49.38262,"other",49.38262,152.5,152.5,-103.11738,103.11738,256.88262
"560","Tobler Museum",2054,"Mountain Range",56,99.55556,"other",99.55556,152.5,152.5,-52.94444,52.94444,307.05556
"561","Tobler Museum",2005,"Mountain Range",60,-174.5754,"other",185.4246,152.5,152.5,32.9246,32.9246,32.9246
"562","Tobler Museum",2080,"Compass North",56,106.3505,"other",106.3505,152.5,152.5,-46.1495,46.1495,313.8505
"563","Tobler Museum",2061,"Compass North",62,85.51672,"other",85.51672,152.5,152.5,-66.98328,66.98328,293.01672
"564","Tobler Museum",2035,"Mountain Range",58,-153.7045,"other",206.2955,152.5,152.5,53.7955,53.7955,53.7955
"565","Tobler Museum",2026,"Mountain Range",59,12.97234,"other",12.97234,152.5,152.5,-139.52766,139.52766,220.47234
"566","Tobler Museum",2006,"Mountain Range",57,109.0429,"other",109.0429,152.5,152.5,-43.4571,43.4571,316.5429
"567","Tobler Museum",2073,"Compass North",59,16.34185,"other",16.34185,152.5,152.5,-136.15815,136.15815,223.84185
"568","Tobler Museum",2059,"Compass North",57,38.19754,"other",38.19754,152.5,152.5,-114.30246,114.30246,245.69754
"569","Tobler Museum",2007,"Compass North",58,-23.11727,"other",336.88273,152.5,152.5,184.38273,175.61727,184.38273
"570","Tobler Museum",2075,"Compass North",63,89.96994,"other",89.96994,152.5,152.5,-62.53006,62.53006,297.46994
"571","Tobler Museum",2052,"Mountain Range",56,7.71368,"other",7.71368,152.5,152.5,-144.78632,144.78632,215.21368
"572","Tobler Museum",2051,"Compass North",59,19.39018,"other",19.39018,152.5,152.5,-133.10982,133.10982,226.89018
"573","Tobler Museum",2028,"Mountain Range",56,80.45748,"other",80.45748,152.5,152.5,-72.04252,72.04252,287.95748
"574","Tobler Museum",2058,"Mountain Range",63,-175.724,"other",184.276,152.5,152.5,31.776,31.776,31.776
"575","Tobler Museum",2045,"Compass North",63,-20.14264,"other",339.85736,152.5,152.5,187.35736,172.64264,187.35736
"576","Tobler Museum",2022,"Mountain Range",57,62.67426,"other",62.67426,152.5,152.5,-89.82574,89.82574,270.17426
"577","Tobler Museum",2018,"Mountain Range",62,30.07855,"other",30.07855,152.5,152.5,-122.42145,122.42145,237.57855
"578","Tobler Museum",2074,"Mountain Range",56,110.7052,"other",110.7052,152.5,152.5,-41.7948,41.7948,318.2052
"579","Tobler Museum",2056,"Mountain Range",57,148.6577,"other",148.6577,152.5,152.5,-3.84229999999999,3.84229999999999,356.1577
"580","Tobler Museum",2047,"Compass North",57,118.9255,"other",118.9255,152.5,152.5,-33.5745,33.5745,326.4255
"581","Tobler Museum",2024,"Mountain Range",59,116.8861,"other",116.8861,152.5,152.5,-35.6139,35.6139,324.3861
"582","Tobler Museum",2053,"Compass North",62,-42.17205,"other",317.82795,152.5,152.5,165.32795,165.32795,165.32795
"583","Tobler Museum",2046,"Compass North",62,130.0174,"other",130.0174,152.5,152.5,-22.4826,22.4826,337.5174
"584","Tobler Museum",2031,"Compass North",62,45.23059,"other",45.23059,152.5,152.5,-107.26941,107.26941,252.73059
"585","Tobler Museum",2016,"Mountain Range",60,42.73118,"other",42.73118,152.5,152.5,-109.76882,109.76882,250.23118
"586","Tobler Museum",2079,"Compass North",57,106.7899,"other",106.7899,152.5,152.5,-45.7101,45.7101,314.2899
"587","Tobler Museum",2025,"Compass North",63,157.5057,"other",157.5057,152.5,152.5,5.00569999999999,5.00569999999999,5.00569999999999
"588","Tobler Museum",2017,"Compass North",62,112.6034,"other",112.6034,152.5,152.5,-39.8966,39.8966,320.1034
"589","Tobler Museum",2077,"Compass North",59,135.3143,"other",135.3143,152.5,152.5,-17.1857,17.1857,342.8143
"590","Tobler Museum",2069,"Compass North",56,110.9618,"other",110.9618,152.5,152.5,-41.5382,41.5382,318.4618
"591","Tobler Museum",2043,"Compass North",61,101.9086,"other",101.9086,152.5,152.5,-50.5914,50.5914,309.4086
"592","Tobler Museum",2023,"Compass North",57,105.4792,"other",105.4792,152.5,152.5,-47.0208,47.0208,312.9792
"593","Tobler Museum",2021,"Compass North",60,-160.1511,"other",199.8489,152.5,152.5,47.3489,47.3489,47.3489
"594","Tobler Museum",2072,"Mountain Range",63,51.41076,"other",51.41076,152.5,152.5,-101.08924,101.08924,258.91076
"595","Tobler Museum",2036,"Compass North",62,118.6971,"other",118.6971,152.5,152.5,-33.8029,33.8029,326.1971
"596","Tobler Museum",2012,"Mountain Range",60,126.5586,"other",126.5586,152.5,152.5,-25.9414,25.9414,334.0586
"597","Tobler Museum",2078,"Mountain Range",56,121.9494,"other",121.9494,152.5,152.5,-30.5506,30.5506,329.4494
"598","Tobler Museum",2070,"Mountain Range",63,2.228795,"other",2.228795,152.5,152.5,-150.271205,150.271205,209.728795
"599","Tobler Museum",2050,"Mountain Range",59,127.6419,"other",127.6419,152.5,152.5,-24.8581,24.8581,335.1419
"600","Tobler Museum",2084,"Mountain Range",63,-175.1306,"other",184.8694,152.5,152.5,32.3694,32.3694,32.3694
"601","Tobler Museum",2068,"Mountain Range",62,114.5955,"other",114.5955,152.5,152.5,-37.9045,37.9045,322.0955
"602","Tobler Museum",2042,"Mountain Range",63,128.156,"other",128.156,152.5,152.5,-24.344,24.344,335.656
"603","Tobler Museum",2040,"Mountain Range",60,38.66919,"other",38.66919,152.5,152.5,-113.83081,113.83081,246.16919
"604","Tobler Museum",2019,"Compass North",58,104.682,"other",104.682,152.5,152.5,-47.818,47.818,312.182
"605","Tobler Museum",2076,"Mountain Range",62,149.1084,"other",149.1084,152.5,152.5,-3.39160000000001,3.39160000000001,356.6084
"606","Tobler Museum",2063,"Compass North",61,8.718617,"other",8.718617,152.5,152.5,-143.781383,143.781383,216.218617
"607","Tobler Museum",2048,"Mountain Range",61,101.1998,"other",101.1998,152.5,152.5,-51.3002,51.3002,308.6998
"608","Tobler Museum",2083,"Mountain Range",57,67.86855,"other",67.86855,152.5,152.5,-84.63145,84.63145,275.36855
