"participant","date","model number","building","x","y","error"
"0003","2021-06-30 14:56:53 UTC","0","Lynch Station","19","232","108.2266141020775"
"0003","2021-06-30 14:56:53 UTC","0","Harris Hall","577","115","378.6357088284199"
"0003","2021-06-30 14:56:53 UTC","0","Golledge Hall","400","23","314.1973901864877"
"0003","2021-06-30 14:56:53 UTC","0","Harvey House","92","455","204.215572373901"
"0003","2021-06-30 14:56:53 UTC","0","Snow Church","171","140","548.8624600025037"
"0003","2021-06-30 14:56:53 UTC","0","Sauer Center","347","244","366.61287484211465"
"0003","2021-06-30 14:56:53 UTC","0","Tobler Museum","489","417","295.0271173977063"
"0003","2021-06-30 14:56:53 UTC","0","Batty House","612","277","585.0213671311502"
"0004","2021-07-22 13:59:22 UTC","0","Batty House","42","417","145.7737973711325"
"0004","2021-07-22 13:59:22 UTC","0","Sauer Center","289","76","343.41956845817623"
"0004","2021-07-22 13:59:22 UTC","0","Lynch Station","65","295","179.02513789968157"
"0004","2021-07-22 13:59:22 UTC","0","Golledge Hall","522","330","57.3149195236284"
"0004","2021-07-22 13:59:22 UTC","0","Tobler Museum","47","89","447.21918563496354"
"0004","2021-07-22 13:59:22 UTC","0","Snow Church","509","172","209.61393083476108"
"0004","2021-07-22 13:59:22 UTC","0","Harvey House","402","402","136.20939761998804"
"0004","2021-07-22 13:59:22 UTC","0","Harris Hall","317","311","132.7742444904131"
"0005","2021-07-22 15:44:42 UTC","0","Batty House","95","460","199.9199839935968"
"0005","2021-07-22 15:44:42 UTC","0","Lynch Station","77","287","175.4821928287882"
"0005","2021-07-22 15:44:42 UTC","0","Harris Hall","340","334","165.19382555047267"
"0005","2021-07-22 15:44:42 UTC","0","Harvey House","478","436","190.41270965983338"
"0005","2021-07-22 15:44:42 UTC","0","Golledge Hall","506","202","106.23088063270491"
"0005","2021-07-22 15:44:42 UTC","0","Sauer Center","392","30","234.33736364481018"
"0005","2021-07-22 15:44:42 UTC","0","Snow Church","681","99","111.6288493177279"
"0005","2021-07-22 15:44:42 UTC","0","Tobler Museum","189","159","306.2433672751134"
"0006","2021-07-27 15:42:41 UTC","0","Batty House","31","269","5.0"
"0006","2021-07-27 15:42:41 UTC","0","Lynch Station","79","162","77.02596964660685"
"0006","2021-07-27 15:42:41 UTC","0","Harris Hall","310","369","171.67993476233616"
"0006","2021-07-27 15:42:41 UTC","0","Golledge Hall","502","361","93.50935782048768"
"0006","2021-07-27 15:42:41 UTC","0","Snow Church","625","223","92.76313923105448"
"0006","2021-07-27 15:42:41 UTC","0","Sauer Center","448","104","202.80532537386685"
"0006","2021-07-27 15:42:41 UTC","0","Tobler Museum","280","186","222.40728405337808"
"0006","2021-07-27 15:42:41 UTC","0","Harvey House","184","372","157.69908052997647"
"0007","2021-07-29 19:35:37 UTC","0","Batty House","61","490","220.6354459283458"
"0007","2021-07-29 19:35:37 UTC","0","Lynch Station","10","274","150.0133327407934"
"0007","2021-07-29 19:35:37 UTC","0","Harris Hall","262","276","68.62215385719105"
"0007","2021-07-29 19:35:37 UTC","0","Harvey House","429","434","144.31216164966833"
"0007","2021-07-29 19:35:37 UTC","0","Golledge Hall","536","239","59.0592922409336"
"0007","2021-07-29 19:35:37 UTC","0","Snow Church","645","87","137.71347065556077"
"0007","2021-07-29 19:35:37 UTC","0","Sauer Center","457","10","168.07438829280326"
"0007","2021-07-29 19:35:37 UTC","0","Tobler Museum","369","162","130.29197979921864"
"0008","2021-09-03 17:15:46 UTC","0","Batty House","628","103","624.3092182564662"
"0008","2021-09-03 17:15:46 UTC","0","Lynch Station","552","145","540.408179064677"
"0008","2021-09-03 17:15:46 UTC","0","Golledge Hall","367","193","220.0295434708712"
"0008","2021-09-03 17:15:46 UTC","0","Harris Hall","235","111","116.72617529928752"
"0008","2021-09-03 17:15:46 UTC","0","Harvey House","161","453","136.79546776117988"
"0008","2021-09-03 17:15:46 UTC","0","Snow Church","215","278","506.2904304843219"
"0008","2021-09-03 17:15:46 UTC","0","Sauer Center","396","378","437.6871028485989"
"0008","2021-09-03 17:15:46 UTC","0","Tobler Museum","554","322","209.0956718825141"
"0009","2021-09-03 18:35:20 UTC","0","Lynch Station","46","190","74.24284477308234"
"0009","2021-09-03 18:35:20 UTC","0","Batty House","11","344","73.7563556583431"
"0009","2021-09-03 18:35:20 UTC","0","Golledge Hall","512","248","67.47592163134935"
"0009","2021-09-03 18:35:20 UTC","0","Harvey House","351","479","57.3149195236284"
"0009","2021-09-03 18:35:20 UTC","0","Harris Hall","310","255","99.32774033471213"
"0009","2021-09-03 18:35:20 UTC","0","Snow Church","683","192","35.4682957019364"
"0009","2021-09-03 18:35:20 UTC","0","Sauer Center","544","46","90.78546139112804"
"0009","2021-09-03 18:35:20 UTC","0","Tobler Museum","410","140","84.92938243034621"
"0010","2021-09-03 20:19:44 UTC","0","Golledge Hall","337","473","290.9518860567843"
"0010","2021-09-03 20:19:44 UTC","0","Lynch Station","154","29","170.84788555905513"
"0010","2021-09-03 20:19:44 UTC","0","Snow Church","638","315","134.84806264830058"
"0010","2021-09-03 20:19:44 UTC","0","Sauer Center","582","67","75.45197147855052"
"0010","2021-09-03 20:19:44 UTC","0","Harris Hall","594","455","442.8114722994426"
"0010","2021-09-03 20:19:44 UTC","0","Batty House","24","94","178.02527910383964"
"0010","2021-09-03 20:19:44 UTC","0","Harvey House","103","339","240.4100663449848"
"0010","2021-09-03 20:19:44 UTC","0","Tobler Museum","383","76","119.23086848631104"
"0011","2021-09-15 16:57:46 UTC","0","Batty House","63","477","208.13697413001853"
"0011","2021-09-15 16:57:46 UTC","0","Lynch Station","38","264","142.3938200906205"
"0011","2021-09-15 16:57:46 UTC","0","Harris Hall","386","221","171.0730837975396"
"0011","2021-09-15 16:57:46 UTC","0","Harvey House","572","32","531.500705549861"
"0011","2021-09-15 16:57:46 UTC","0","Golledge Hall","579","202","90.2551937563706"
"0011","2021-09-15 16:57:46 UTC","0","Snow Church","390","64","355.18586683594265"
"0011","2021-09-15 16:57:46 UTC","0","Sauer Center","580","398","395.56794612303963"
"0011","2021-09-15 16:57:46 UTC","0","Tobler Museum","140","53","359.6804137008297"
"0012","2021-09-17 18:32:45 UTC","0","Batty House","24","338","66.06814663663572"
"0012","2021-09-17 18:32:45 UTC","0","Lynch Station","9","170","46.09772228646444"
"0012","2021-09-17 18:32:45 UTC","0","Harris Hall","264","253","55.94640292279746"
"0012","2021-09-17 18:32:45 UTC","0","Harvey House","364","464","73.08214556237385"
"0012","2021-09-17 18:32:45 UTC","0","Sauer Center","594","8","31.144823004794873"
"0012","2021-09-17 18:32:45 UTC","0","Tobler Museum","465","111","30.083217912982647"
"0012","2021-09-17 18:32:45 UTC","0","Snow Church","722","181","24.73863375370596"
"0012","2021-09-17 18:32:45 UTC","0","Golledge Hall","513","289","51.03920062069938"
"0013","2021-09-22 13:58:43 UTC","0","Batty House","16","38","234.2584043316269"
"0013","2021-09-22 13:58:43 UTC","0","Lynch Station","96","32","124.57929201917949"
"0013","2021-09-22 13:58:43 UTC","0","Harris Hall","191","174","57.271284253105414"
"0013","2021-09-22 13:58:43 UTC","0","Harvey House","731","132","561.7632953477826"
"0013","2021-09-22 13:58:43 UTC","0","Golledge Hall","476","400","140.089257261219"
"0013","2021-09-22 13:58:43 UTC","0","Snow Church","315","99","414.77343212891543"
"0013","2021-09-22 13:58:43 UTC","0","Sauer Center","361","477","540.8142009969782"
"0013","2021-09-22 13:58:43 UTC","0","Tobler Museum","598","499","391.348949148966"
"0014","2021-09-23 14:07:23 UTC","0","Batty House","541","35","566.007950474196"
"0014","2021-09-23 14:07:23 UTC","0","Lynch Station","609","124","597.0"
"0014","2021-09-23 14:07:23 UTC","0","Harris Hall","480","264","267.7106647109898"
"0014","2021-09-23 14:07:23 UTC","0","Harvey House","249","43","444.2848185567452"
"0014","2021-09-23 14:07:23 UTC","0","Golledge Hall","29","353","538.5805417948183"
"0014","2021-09-23 14:07:23 UTC","0","Snow Church","191","490","597.3692325521963"
"0014","2021-09-23 14:07:23 UTC","0","Sauer Center","368","437","502.6658930144356"
"0014","2021-09-23 14:07:23 UTC","0","Tobler Museum","354","313","236.22446951998856"
"0015","2021-09-23 16:57:57 UTC","0","Lynch Station","10","312","188.01063799689632"
"0015","2021-09-23 16:57:57 UTC","0","Harvey House","651","359","378.5828839237189"
"0015","2021-09-23 16:57:57 UTC","0","Batty House","32","513","241.05186163977245"
"0015","2021-09-23 16:57:57 UTC","0","Golledge Hall","568","127","164.04877323527901"
"0015","2021-09-23 16:57:57 UTC","0","Harris Hall","216","259","33.015148038438355"
"0015","2021-09-23 16:57:57 UTC","0","Snow Church","219","96","508.8123426175902"
"0015","2021-09-23 16:57:57 UTC","0","Sauer Center","371","164","299.6614756687953"
"0015","2021-09-23 16:57:57 UTC","0","Tobler Museum","14","114","479.06680118747533"
"0016","2021-09-24 13:45:21 UTC","0","Batty House","94","62","220.42912693199145"
"0016","2021-09-24 13:45:21 UTC","0","Lynch Station","230","11","245.54632964066067"
"0016","2021-09-24 13:45:21 UTC","0","Harris Hall","344","168","141.4390328021229"
"0016","2021-09-24 13:45:21 UTC","0","Golledge Hall","599","288","35.12833614050059"
"0016","2021-09-24 13:45:21 UTC","0","Tobler Museum","627","409","316.7412192942371"
"0016","2021-09-24 13:45:21 UTC","0","Sauer Center","384","452","507.8287112796991"
"0016","2021-09-24 13:45:21 UTC","0","Snow Church","423","292","305.6435832796102"
"0016","2021-09-24 13:45:21 UTC","0","Harvey House","539","170","399.06139878469827"
"0017","2021-09-24 20:19:55 UTC","0","Lynch Station","58","345","225.73657213663896"
"0017","2021-09-24 20:19:55 UTC","0","Batty House","239","483","299.1070042643602"
"0017","2021-09-24 20:19:55 UTC","0","Harris Hall","332","308","142.87407042567241"
"0017","2021-09-24 20:19:55 UTC","0","Harvey House","478","416","196.51208614230322"
"0017","2021-09-24 20:19:55 UTC","0","Snow Church","697","77","129.40247292845683"
"0017","2021-09-24 20:19:55 UTC","0","Golledge Hall","575","190","101.59724405711013"
"0017","2021-09-24 20:19:55 UTC","0","Sauer Center","549","26","78.84795495128583"
"0017","2021-09-24 20:19:55 UTC","0","Tobler Museum","382","97","113.78049041905207"
"0019","2021-09-29 17:13:22 UTC","0","Golledge Hall","405","71","271.44244325455077"
"0019","2021-09-29 17:13:22 UTC","0","Snow Church","484","226","232.94849216082082"
"0019","2021-09-29 17:13:22 UTC","0","Sauer Center","648","229","225.17770760001977"
"0019","2021-09-29 17:13:22 UTC","0","Tobler Museum","374","377","281.40007107319644"
"0019","2021-09-29 17:13:22 UTC","0","Harvey House","212","350","157.95252451290546"
"0019","2021-09-29 17:13:22 UTC","0","Harris Hall","128","195","92.35799911215054"
"0019","2021-09-29 17:13:22 UTC","0","Lynch Station","55","18","114.38968484964018"
"0019","2021-09-29 17:13:22 UTC","0","Batty House","11","7","265.48257946614876"
"0020","2021-09-30 19:53:38 UTC","0","Golledge Hall","616","294","52.08646657242167"
"0020","2021-09-30 19:53:38 UTC","0","Snow Church","487","47","278.21754078418564"
"0020","2021-09-30 19:53:38 UTC","0","Sauer Center","205","66","424.4066446228193"
"0020","2021-09-30 19:53:38 UTC","0","Tobler Museum","259","320","306.52895458667524"
"0020","2021-09-30 19:53:38 UTC","0","Harvey House","604","454","311.5461442547476"
"0020","2021-09-30 19:53:38 UTC","0","Lynch Station","67","438","318.7804887379402"
"0020","2021-09-30 19:53:38 UTC","0","Batty House","8","485","213.84573879317773"
"0020","2021-09-30 19:53:38 UTC","0","Harris Hall","251","491","267.4341040331244"
"0022","2021-10-04 14:14:07 UTC","0","Golledge Hall","440","185","163.1318485152424"
"0022","2021-10-04 14:14:07 UTC","0","Harvey House","202","308","199.4818287463798"
"0022","2021-10-04 14:14:07 UTC","0","Harris Hall","279","114","128.9961239727768"
"0022","2021-10-04 14:14:07 UTC","0","Snow Church","169","173","547.9352151486524"
"0022","2021-10-04 14:14:07 UTC","0","Lynch Station","25","394","270.31278179176064"
"0022","2021-10-04 14:14:07 UTC","0","Batty House","401","460","418.59288097147567"
"0022","2021-10-04 14:14:07 UTC","0","Sauer Center","289","455","561.6012820498187"
"0022","2021-10-04 14:14:07 UTC","0","Tobler Museum","636","432","341.39273571650585"
"0023","2021-10-06 15:50:47 UTC","0","Sauer Center","621","245","240.03333101883996"
"0023","2021-10-06 15:50:47 UTC","0","Tobler Museum","381","258","176.1817243643619"
"0023","2021-10-06 15:50:47 UTC","0","Snow Church","665","470","269.8629281690985"
"0023","2021-10-06 15:50:47 UTC","0","Golledge Hall","388","469","250.3197954617253"
"0023","2021-10-06 15:50:47 UTC","0","Harvey House","599","3","570.3937236681344"
"0023","2021-10-06 15:50:47 UTC","0","Lynch Station","11","190","66.007575322837"
"0023","2021-10-06 15:50:47 UTC","0","Harris Hall","297","112","140.42791745233566"
"0023","2021-10-06 15:50:47 UTC","0","Batty House","29","509","237.00843866833097"
"0024","2021-10-07 15:57:14 UTC","0","Tobler Museum","68","38","433.22165227513733"
"0024","2021-10-07 15:57:14 UTC","0","Snow Church","275","32","473.7193261837646"
"0024","2021-10-07 15:57:14 UTC","0","Golledge Hall","457","195","143.75326083258076"
"0024","2021-10-07 15:57:14 UTC","0","Harvey House","682","76","563.7597005817283"
"0024","2021-10-07 15:57:14 UTC","0","Sauer Center","50","207","609.4497518253659"
"0024","2021-10-07 15:57:14 UTC","0","Batty House","606","461","609.0664988324346"
"0024","2021-10-07 15:57:14 UTC","0","Harris Hall","673","308","465.2827097582716"
"0024","2021-10-07 15:57:14 UTC","0","Lynch Station","346","420","446.2869032360237"
"0026","2021-10-13 14:19:38 UTC","0","Golledge Hall","436","345","138.92443989449805"
"0026","2021-10-13 14:19:38 UTC","0","Batty House","91","47","233.92520172054998"
"0026","2021-10-13 14:19:38 UTC","0","Lynch Station","154","67","153.0130713370593"
"0026","2021-10-13 14:19:38 UTC","0","Harris Hall","129","219","86.28441342444185"
"0026","2021-10-13 14:19:38 UTC","0","Harvey House","15","232","376.62979170532964"
"0026","2021-10-13 14:19:38 UTC","0","Snow Church","640","258","92.65527507918802"
"0026","2021-10-13 14:19:38 UTC","0","Sauer Center","560","75","95.524865872714"
"0026","2021-10-13 14:19:38 UTC","0","Tobler Museum","366","129","127.1927670899568"
"0027","2021-10-15 15:47:34 UTC","0","Batty House","31","488","216.03703386225243"
"0027","2021-10-15 15:47:34 UTC","0","Lynch Station","7","163","39.319206502675"
"0027","2021-10-15 15:47:34 UTC","0","Harris Hall","231","173","55.362442142665635"
"0027","2021-10-15 15:47:34 UTC","0","Harvey House","374","284","216.33538776631067"
"0027","2021-10-15 15:47:34 UTC","0","Sauer Center","568","25","60.40695324215582"
"0027","2021-10-15 15:47:34 UTC","0","Golledge Hall","502","221","93.50935782048768"
"0027","2021-10-15 15:47:34 UTC","0","Tobler Museum","377","58","132.48396129343357"
"0027","2021-10-15 15:47:34 UTC","0","Snow Church","673","177","51.31276644267"
"0028","2021-10-15 17:39:37 UTC","0","Tobler Museum","60","454","545.6308275748356"
"0028","2021-10-15 17:39:37 UTC","0","Golledge Hall","320","385","261.48040079516477"
"0028","2021-10-15 17:39:37 UTC","0","Snow Church","208","249","509.9019513592785"
"0028","2021-10-15 17:39:37 UTC","0","Sauer Center","10","259","665.3878568173603"
"0028","2021-10-15 17:39:37 UTC","0","Harvey House","471","249","295.0"
"0028","2021-10-15 17:39:37 UTC","0","Harris Hall","420","59","264.41255643406953"
"0028","2021-10-15 17:39:37 UTC","0","Lynch Station","548","8","548.4086067887703"
"0028","2021-10-15 17:39:37 UTC","0","Batty House","672","165","653.8149585318464"
"0029","2021-10-18 17:58:49 UTC","0","Harvey House","683","16","609.3291392999354"
"0029","2021-10-18 17:58:49 UTC","0","Batty House","686","264","659.0485566329692"
"0029","2021-10-18 17:58:49 UTC","0","Harris Hall","408","135","213.37759957408838"
"0029","2021-10-18 17:58:49 UTC","0","Golledge Hall","231","299","333.09608223454086"
"0029","2021-10-18 17:58:49 UTC","0","Lynch Station","451","246","455.6369168537598"
"0029","2021-10-18 17:58:49 UTC","0","Tobler Museum","291","486","416.293165929973"
"0029","2021-10-18 17:58:49 UTC","0","Sauer Center","88","467","708.387605763963"
"0029","2021-10-18 17:58:49 UTC","0","Snow Church","19","319","706.261283095711"
"0030","2021-10-20 13:49:05 UTC","0","Batty House","15","96","176.40861656959956"
"0030","2021-10-20 13:49:05 UTC","0","Lynch Station","102","43","121.0826164236634"
"0030","2021-10-20 13:49:05 UTC","0","Harris Hall","278","208","65.52098900352466"
"0030","2021-10-20 13:49:05 UTC","0","Snow Church","306","347","433.8939962709786"
"0030","2021-10-20 13:49:05 UTC","0","Golledge Hall","382","448","240.36014644695155"
"0030","2021-10-20 13:49:05 UTC","0","Harvey House","39","379","276.1539425755135"
"0030","2021-10-20 13:49:05 UTC","0","Sauer Center","165","356","578.6199097853444"
"0030","2021-10-20 13:49:05 UTC","0","Tobler Museum","90","481","539.7128866351071"
"0031","2021-10-20 15:52:12 UTC","0","Sauer Center","553","15","72.69112738154499"
"0031","2021-10-20 15:52:12 UTC","0","Golledge Hall","386","207","196.82479518597245"
"0031","2021-10-20 15:52:12 UTC","0","Snow Church","640","217","76.94153624668537"
"0031","2021-10-20 15:52:12 UTC","0","Harvey House","723","481","429.01864761336424"
"0031","2021-10-20 15:52:12 UTC","0","Batty House","11","522","250.51147678300092"
"0031","2021-10-20 15:52:12 UTC","0","Lynch Station","11","335","211.00236965494014"
"0031","2021-10-20 15:52:12 UTC","0","Harris Hall","311","372","174.73408368146153"
"0031","2021-10-20 15:52:12 UTC","0","Tobler Museum","270","53","233.43093196918014"
"0032","2021-10-22 15:44:28 UTC","0","Tobler Museum","281","477","413.48397792417546"
"0032","2021-10-22 15:44:28 UTC","0","Sauer Center","9","465","768.8016649305594"
"0032","2021-10-22 15:44:28 UTC","0","Snow Church","49","346","681.7404198080087"
"0032","2021-10-22 15:44:28 UTC","0","Golledge Hall","244","313","320.7553584899245"
"0032","2021-10-22 15:44:28 UTC","0","Lynch Station","540","9","540.3785710036992"
"0032","2021-10-22 15:44:28 UTC","0","Batty House","407","56","437.09953099951963"
"0032","2021-10-22 15:44:28 UTC","0","Harvey House","483","318","252.21022976873877"
"0032","2021-10-22 15:44:28 UTC","0","Harris Hall","611","229","396.01136347332255"
"0033","2021-10-22 17:31:25 UTC","0","Batty House","235","401","244.7549795203358"
"0033","2021-10-22 17:31:25 UTC","0","Golledge Hall","452","360","131.54847015454038"
"0033","2021-10-22 17:31:25 UTC","0","Tobler Museum","227","76","269.9481431682759"
"0033","2021-10-22 17:31:25 UTC","0","Sauer Center","452","81","188.95766721676048"
"0033","2021-10-22 17:31:25 UTC","0","Snow Church","551","254","172.12204972053988"
"0033","2021-10-22 17:31:25 UTC","0","Lynch Station","72","293","179.3348822733603"
"0033","2021-10-22 17:31:25 UTC","0","Harvey House","30","34","522.5868348896669"
"0033","2021-10-22 17:31:25 UTC","0","Harris Hall","31","186","188.29763673503712"
"0034","2021-10-22 18:54:20 UTC","0","Batty House","172","509","277.8380823429358"
"0034","2021-10-22 18:54:20 UTC","0","Lynch Station","92","341","231.27689032845456"
"0034","2021-10-22 18:54:20 UTC","0","Harris Hall","332","351","171.21331723905124"
"0034","2021-10-22 18:54:20 UTC","0","Sauer Center","671","159","160.72336482291553"
"0034","2021-10-22 18:54:20 UTC","0","Golledge Hall","226","138","371.0161721542607"
"0034","2021-10-22 18:54:20 UTC","0","Snow Church","510","248","210.440015206234"
"0034","2021-10-22 18:54:20 UTC","0","Harvey House","433","17","488.2058991859889"
"0034","2021-10-22 18:54:20 UTC","0","Tobler Museum","653","14","193.03885619221847"
"0035","2021-10-28 15:38:08 UTC","0","Golledge Hall","364","287","200.0399960007998"
"0035","2021-10-28 15:38:08 UTC","0","Tobler Museum","147","114","346.09247319177575"
"0035","2021-10-28 15:38:08 UTC","0","Snow Church","546","186","171.05846953600397"
"0035","2021-10-28 15:38:08 UTC","0","Sauer Center","436","34","191.21192431435858"
"0035","2021-10-28 15:38:08 UTC","0","Lynch Station","105","330","226.01991062736045"
"0035","2021-10-28 15:38:08 UTC","0","Batty House","31","461","189.04232330353963"
"0035","2021-10-28 15:38:08 UTC","0","Harvey House","636","457","343.144284521832"
"0035","2021-10-28 15:38:08 UTC","0","Harris Hall","507","393","336.38222307369335"
"0039","2021-11-03 16:12:32 UTC","0","Golledge Hall","221","24","434.66998976234834"
"0039","2021-11-03 16:12:32 UTC","0","Snow Church","36","125","684.6897107449475"
"0039","2021-11-03 16:12:32 UTC","0","Sauer Center","77","273","610.0229503879342"
"0039","2021-11-03 16:12:32 UTC","0","Tobler Museum","266","184","235.3146829248018"
"0039","2021-11-03 16:12:32 UTC","0","Lynch Station","502","194","494.9747468305833"
"0039","2021-11-03 16:12:32 UTC","0","Batty House","724","240","697.734190075275"
"0039","2021-11-03 16:12:32 UTC","0","Harvey House","443","474","149.40548852033515"
"0039","2021-11-03 16:12:32 UTC","0","Harris Hall","303","378","175.6359872008012"
"0040","2021-11-04 15:35:50 UTC","0","Batty House","168","432","213.26274873967088"
"0040","2021-11-04 15:35:50 UTC","0","Lynch Station","95","253","153.39491516996253"
"0040","2021-11-04 15:35:50 UTC","0","Harris Hall","361","227","146.00342461736986"
"0040","2021-11-04 15:35:50 UTC","0","Harvey House","381","376","139.46325680981354"
"0040","2021-11-04 15:35:50 UTC","0","Golledge Hall","488","458","183.48024416813925"
"0040","2021-11-04 15:35:50 UTC","0","Snow Church","659","326","133.75350462698165"
"0040","2021-11-04 15:35:50 UTC","0","Sauer Center","585","191","190.25246384738358"
"0040","2021-11-04 15:35:50 UTC","0","Tobler Museum","445","134","49.47726750741192"
"0041","2021-11-04 16:48:58 UTC","0","Golledge Hall","468","103","211.09239683134018"
"0041","2021-11-04 16:48:58 UTC","0","Snow Church","108","143","611.1530086647697"
"0041","2021-11-04 16:48:58 UTC","0","Sauer Center","172","364","578.0051902881149"
"0041","2021-11-04 16:48:58 UTC","0","Tobler Museum","526","300","181.0331461362808"
"0041","2021-11-04 16:48:58 UTC","0","Harvey House","49","443","248.57393266390585"
"0041","2021-11-04 16:48:58 UTC","0","Harris Hall","324","15","237.49105246303492"
"0041","2021-11-04 16:48:58 UTC","0","Lynch Station","527","420","594.0042087392984"
"0041","2021-11-04 16:48:58 UTC","0","Batty House","739","418","726.8149695761639"
"0043","2021-11-05 14:28:00 UTC","0","Batty House","82","516","250.12197024651792"
"0043","2021-11-05 14:28:00 UTC","0","Lynch Station","6","359","235.07658326596462"
"0043","2021-11-05 14:28:00 UTC","0","Harris Hall","281","354","144.01388821915754"
"0043","2021-11-05 14:28:00 UTC","0","Harvey House","489","488","195.0230755577401"
"0043","2021-11-05 14:28:00 UTC","0","Snow Church","654","253","78.40918313565064"
"0043","2021-11-05 14:28:00 UTC","0","Sauer Center","602","12","24.041630560342615"
"0043","2021-11-05 14:28:00 UTC","0","Golledge Hall","459","233","119.95415791042844"
"0043","2021-11-05 14:28:00 UTC","0","Tobler Museum","349","32","169.81166037701888"
"0044","2021-11-05 15:57:23 UTC","0","Batty House","22","359","87.14355971613737"
"0044","2021-11-05 15:57:23 UTC","0","Lynch Station","118","283","191.09421759959145"
"0044","2021-11-05 15:57:23 UTC","0","Harris Hall","316","428","225.84286572747877"
"0044","2021-11-05 15:57:23 UTC","0","Harvey House","498","486","204.00245096566854"
"0044","2021-11-05 15:57:23 UTC","0","Golledge Hall","472","240","105.19030373565806"
"0044","2021-11-05 15:57:23 UTC","0","Snow Church","442","67","306.78983033992506"
"0044","2021-11-05 15:57:23 UTC","0","Sauer Center","265","12","360.068049124051"
"0044","2021-11-05 15:57:23 UTC","0","Tobler Museum","218","147","276.1340254296815"
"0045","2021-11-05 17:23:07 UTC","0","Batty House","663","56","671.6784945195134"
"0045","2021-11-05 17:23:07 UTC","0","Lynch Station","627","124","615.0"
"0045","2021-11-05 17:23:07 UTC","0","Harris Hall","487","229","272.01654361453825"
"0045","2021-11-05 17:23:07 UTC","0","Harvey House","266","150","336.1681127055331"
"0045","2021-11-05 17:23:07 UTC","0","Tobler Museum","399","485","374.97333238511777"
"0045","2021-11-05 17:23:07 UTC","0","Sauer Center","82","458","707.1477921905717"
"0045","2021-11-05 17:23:07 UTC","0","Golledge Hall","326","286","238.05251521460553"
"0045","2021-11-05 17:23:07 UTC","0","Snow Church","109","288","612.6483493816008"
"0046","2021-11-10 16:57:48 UTC","0","Batty House","57","523","252.7864711569826"
"0046","2021-11-10 16:57:48 UTC","0","Lynch Station","5","369","245.09997960016236"
"0046","2021-11-10 16:57:48 UTC","0","Harris Hall","368","354","199.4818287463798"
"0046","2021-11-10 16:57:48 UTC","0","Harvey House","661","299","411.44258408677143"
"0046","2021-11-10 16:57:48 UTC","0","Golledge Hall","342","216","234.3266950221421"
"0046","2021-11-10 16:57:48 UTC","0","Snow Church","555","105","189.52836199366047"
"0046","2021-11-10 16:57:48 UTC","0","Sauer Center","417","9","208.0384579831335"
"0046","2021-11-10 16:57:48 UTC","0","Tobler Museum","127","64","370.56713291925934"
"0047","2021-11-10 22:30:04 UTC","0","Harris Hall","","",""
"0047","2021-11-10 22:30:04 UTC","0","Harvey House","","",""
"0047","2021-11-10 22:30:04 UTC","0","Golledge Hall","399","360","178.84630272946657"
"0047","2021-11-10 22:30:04 UTC","0","Sauer Center","560","21","66.94027188471824"
"0047","2021-11-10 22:30:04 UTC","0","Snow Church","556","273","173.85051049680584"
"0047","2021-11-10 22:30:04 UTC","0","Tobler Museum","586","163","101.6366075781753"
"0047","2021-11-10 22:30:04 UTC","0","Batty House","50","221","55.94640292279746"
"0047","2021-11-10 22:30:04 UTC","0","Lynch Station","131","146","121.01652779682617"
"0048","2021-11-12 15:24:29 UTC","0","Batty House","61","327","64.66065264130884"
"0048","2021-11-12 15:24:29 UTC","0","Lynch Station","4","199","75.4254598925323"
"0048","2021-11-12 15:24:29 UTC","0","Harris Hall","194","326","102.18121158021175"
"0048","2021-11-12 15:24:29 UTC","0","Harvey House","249","466","48.84669896727925"
"0048","2021-11-12 15:24:29 UTC","0","Golledge Hall","516","340","68.59300255857006"
"0048","2021-11-12 15:24:29 UTC","0","Tobler Museum","368","209","152.2957648787385"
"0048","2021-11-12 15:24:29 UTC","0","Snow Church","619","254","108.67382389517726"
"0048","2021-11-12 15:24:29 UTC","0","Sauer Center","508","114","159.90622251807463"
"0049","2021-11-12 18:55:22 UTC","0","Batty House","","",""
"0049","2021-11-12 18:55:22 UTC","0","Sauer Center","619","8","6.708203932499369"
"0049","2021-11-12 18:55:22 UTC","0","Tobler Museum","679","497","418.5940754478018"
"0049","2021-11-12 18:55:22 UTC","0","Snow Church","543","295","195.0102561405425"
"0049","2021-11-12 18:55:22 UTC","0","Harvey House","11","490","283.0441661649291"
"0049","2021-11-12 18:55:22 UTC","0","Lynch Station","248","-1","267.0599183703912"
"0049","2021-11-12 18:55:22 UTC","0","Harris Hall","8","-8","312.41798923877604"
"0049","2021-11-12 18:55:22 UTC","0","Golledge Hall","188","290","376.00132978488256"
"0050","2021-11-15 18:46:44 UTC","0","Batty House","670","198","647.2441579496875"
"0050","2021-11-15 18:46:44 UTC","0","Lynch Station","628","311","643.7584950895794"
"0050","2021-11-15 18:46:44 UTC","0","Golledge Hall","69","460","523.0544904692053"
"0050","2021-11-15 18:46:44 UTC","0","Tobler Museum","61","245","449.16923314047233"
"0050","2021-11-15 18:46:44 UTC","0","Sauer Center","443","310","355.1746049480452"
"0050","2021-11-15 18:46:44 UTC","0","Snow Church","276","197","440.07272126320214"
"0050","2021-11-15 18:46:44 UTC","0","Harris Hall","445","55","286.60251220113196"
"0050","2021-11-15 18:46:44 UTC","0","Harvey House","167","59","444.52783939816413"
"0051","2021-11-15 19:45:06 UTC","0","Sauer Center","556","235","240.12704970494266"
"0051","2021-11-15 19:45:06 UTC","0","Snow Church","727","324","119.50732195141852"
"0051","2021-11-15 19:45:06 UTC","0","Golledge Hall","579","460","169.66437457521835"
"0051","2021-11-15 19:45:06 UTC","0","Batty House","28","257","15.033296378372908"
"0051","2021-11-15 19:45:06 UTC","0","Lynch Station","3","94","31.32091952673165"
"0051","2021-11-15 19:45:06 UTC","0","Harris Hall","241","228","26.076809620810597"
"0051","2021-11-15 19:45:06 UTC","0","Harvey House","234","450","69.46221994724903"
"0051","2021-11-15 19:45:06 UTC","0","Tobler Museum","431","305","193.2174940319846"
"0052","2021-11-15 21:15:33 UTC","0","Batty House","64","510","240.85887984460942"
"0052","2021-11-15 21:15:33 UTC","0","Harvey House","689","21","609.3611408680406"
"0052","2021-11-15 21:15:33 UTC","0","Lynch Station","17","324","200.06249023742558"
"0052","2021-11-15 21:15:33 UTC","0","Harris Hall","362","243","147.97972834141845"
"0052","2021-11-15 21:15:33 UTC","0","Golledge Hall","451","153","178.36199146679206"
"0052","2021-11-15 21:15:33 UTC","0","Sauer Center","660","434","430.42537099943354"
"0052","2021-11-15 21:15:33 UTC","0","Snow Church","202","91","526.4902658169475"
"0052","2021-11-15 21:15:33 UTC","0","Tobler Museum","654","294","235.5949914577982"
"0053","2021-11-16 19:30:27 UTC","0","Batty House","73","518","250.26386075500395"
"0053","2021-11-16 19:30:27 UTC","0","Lynch Station","16","352","228.0350850198276"
"0053","2021-11-16 19:30:27 UTC","0","Harris Hall","360","379","210.79373804740976"
"0053","2021-11-16 19:30:27 UTC","0","Golledge Hall","330","188","255.66579747787932"
"0053","2021-11-16 19:30:27 UTC","0","Snow Church","495","90","249.13048789740688"
"0053","2021-11-16 19:30:27 UTC","0","Tobler Museum","6","24","496.76251871492883"
"0053","2021-11-16 19:30:27 UTC","0","Sauer Center","279","5","346.0"
"0053","2021-11-16 19:30:27 UTC","0","Harvey House","602","227","401.78103489338565"
"0054","2021-11-17 14:39:15 UTC","0","Batty House","35","496","224.1428116179504"
"0054","2021-11-17 14:39:15 UTC","0","Lynch Station","35","346","223.1882613400624"
"0054","2021-11-17 14:39:15 UTC","0","Harris Hall","203","496","270.266535109325"
"0054","2021-11-17 14:39:15 UTC","0","Harvey House","173","262","253.71243564319033"
"0054","2021-11-17 14:39:15 UTC","0","Golledge Hall","340","211","237.8570999570961"
"0054","2021-11-17 14:39:15 UTC","0","Snow Church","584","123","155.3962676514465"
"0054","2021-11-17 14:39:15 UTC","0","Sauer Center","391","12","234.10467744152402"
"0054","2021-11-17 14:39:15 UTC","0","Tobler Museum","178","58","321.43584118763107"
"0055","2021-11-17 16:15:00 UTC","0","Lynch Station","28","298","174.73408368146153"
"0055","2021-11-17 16:15:00 UTC","0","Harris Hall","326","316","142.90206436577463"
"0055","2021-11-17 16:15:00 UTC","0","Tobler Museum","346","99","148.78844041120936"
"0055","2021-11-17 16:15:00 UTC","0","Sauer Center","519","16","106.56922632730333"
"0055","2021-11-17 16:15:00 UTC","0","Harvey House","371","477","77.41446893184762"
"0055","2021-11-17 16:15:00 UTC","0","Batty House","52","458","187.6725872363889"
"0055","2021-11-17 16:15:00 UTC","0","Golledge Hall","538","244","53.71219600798314"
"0055","2021-11-17 16:15:00 UTC","0","Snow Church","677","139","76.66159403508382"
"0056","2021-11-18 16:01:32 UTC","0","Batty House","10","489","217.66488003350472"
"0056","2021-11-18 16:01:32 UTC","0","Lynch Station","16","306","182.04395073717774"
"0056","2021-11-18 16:01:32 UTC","0","Harris Hall","348","384","206.52602741543257"
"0056","2021-11-18 16:01:32 UTC","0","Harvey House","682","461","388.7415593938986"
"0056","2021-11-18 16:01:32 UTC","0","Golledge Hall","633","173","136.69308687713507"
"0056","2021-11-18 16:01:32 UTC","0","Snow Church","547","53","227.29936207565564"
"0056","2021-11-18 16:01:32 UTC","0","Sauer Center","312","-1","313.05750270517393"
"0056","2021-11-18 16:01:32 UTC","0","Tobler Museum","265","163","231.65707414193074"
"0057","2021-11-18 17:09:22 UTC","0","Sauer Center","60","21","565.2265032710338"
"0057","2021-11-18 17:09:22 UTC","0","Golledge Hall","180","207","393.0801444998208"
"0057","2021-11-18 17:09:22 UTC","0","Snow Church","301","50","443.00112866673373"
"0057","2021-11-18 17:09:22 UTC","0","Tobler Museum","557","103","66.76076692189807"
"0057","2021-11-18 17:09:22 UTC","0","Lynch Station","26","373","249.39326374222702"
"0057","2021-11-18 17:09:22 UTC","0","Batty House","332","467","362.008287197959"
"0057","2021-11-18 17:09:22 UTC","0","Harvey House","628","309","377.53410441971994"
"0057","2021-11-18 17:09:22 UTC","0","Harris Hall","437","376","267.9253627411933"
"0058","2021-11-29 19:53:28 UTC","0","Batty House","27","345","73.0"
"0058","2021-11-29 19:53:28 UTC","0","Lynch Station","142","271","196.23710148695125"
"0058","2021-11-29 19:53:28 UTC","0","Golledge Hall","427","187","172.00290695217916"
"0058","2021-11-29 19:53:28 UTC","0","Tobler Museum","675","33","202.5956564193813"
"0058","2021-11-29 19:53:28 UTC","0","Snow Church","455","24","317.619268936883"
"0058","2021-11-29 19:53:28 UTC","0","Sauer Center","671","258","257.14781741247583"
"0058","2021-11-29 19:53:28 UTC","0","Harvey House","85","31","499.79695877426064"
"0058","2021-11-29 19:53:28 UTC","0","Harris Hall","463","435","324.32237048961025"
"0059","2021-11-29 21:24:42 UTC","0","Batty House","102","495","235.27430798963155"
"0059","2021-11-29 21:24:42 UTC","0","Lynch Station","77","310","197.03045449879062"
"0059","2021-11-29 21:24:42 UTC","0","Harris Hall","315","417","215.59452683219953"
"0059","2021-11-29 21:24:42 UTC","0","Golledge Hall","320","270","244.90202122481554"
"0059","2021-11-29 21:24:42 UTC","0","Sauer Center","496","54","137.99275343292487"
"0059","2021-11-29 21:24:42 UTC","0","Tobler Museum","624","287","210.67985190805504"
"0059","2021-11-29 21:24:42 UTC","0","Snow Church","312","95","418.70753516028344"
"0059","2021-11-29 21:24:42 UTC","0","Harvey House","133","145","376.19276973381614"
"0060","2021-11-30 19:46:23 UTC","0","Golledge Hall","345","311","219.91134577370036"
"0060","2021-11-30 19:46:23 UTC","0","Harvey House","322","441","52.15361924162119"
"0060","2021-11-30 19:46:23 UTC","0","Tobler Museum","135","165","360.5731548521049"
"0060","2021-11-30 19:46:23 UTC","0","Snow Church","509","213","207.15453169071634"
"0060","2021-11-30 19:46:23 UTC","0","Sauer Center","331","114","313.5554177493988"
"0060","2021-11-30 19:46:23 UTC","0","Harris Hall","356","12","256.27524265913786"
"0060","2021-11-30 19:46:23 UTC","0","Lynch Station","135","-10","181.89282558693733"
"0060","2021-11-30 19:46:23 UTC","0","Batty House","95","101","184.0244548966251"
"0061","2021-11-30 21:36:22 UTC","0","Batty House","64","484","215.20455385516357"
"0061","2021-11-30 21:36:22 UTC","0","Golledge Hall","570","455","164.1097193952875"
"0061","2021-11-30 21:36:22 UTC","0","Lynch Station","523","48","516.6207506479003"
"0061","2021-11-30 21:36:22 UTC","0","Harris Hall","46","48","245.44856895080892"
"0061","2021-11-30 21:36:22 UTC","0","Harvey House","150","239","285.04736448527285"
"0061","2021-11-30 21:36:22 UTC","0","Tobler Museum","295","401","342.11840055746785"
"0061","2021-11-30 21:36:22 UTC","0","Snow Church","317","44","430.25806209762067"
"0061","2021-11-30 21:36:22 UTC","0","Sauer Center","494","250","277.82368509542164"
"0062","2021-12-01 14:42:11 UTC","0","Lynch Station","5","93","31.78049716414141"
"0062","2021-12-01 14:42:11 UTC","0","Batty House","2","258","28.653097563788805"
"0062","2021-12-01 14:42:11 UTC","0","Harvey House","185","406","134.61797799699713"
"0062","2021-12-01 14:42:11 UTC","0","Harris Hall","212","224","3.605551275463989"
"0062","2021-12-01 14:42:11 UTC","0","Tobler Museum","504","152","31.953090617340916"
"0062","2021-12-01 14:42:11 UTC","0","Sauer Center","620","10","7.0710678118654755"
"0062","2021-12-01 14:42:11 UTC","0","Golledge Hall","414","282","150.26975743641833"
"0062","2021-12-01 14:42:11 UTC","0","Snow Church","725","211","10.816653826391969"
"0063","2021-12-01 16:06:34 UTC","0","Batty House","6","403","132.67252918370102"
"0063","2021-12-01 16:06:34 UTC","0","Lynch Station","44","305","183.8069639594757"
"0063","2021-12-01 16:06:34 UTC","0","Harris Hall","274","406","189.42280749687984"
"0063","2021-12-01 16:06:34 UTC","0","Golledge Hall","359","277","205.47749268472205"
"0063","2021-12-01 16:06:34 UTC","0","Sauer Center","543","429","431.8564576337837"
"0063","2021-12-01 16:06:34 UTC","0","Tobler Museum","463","116","30.59411708155671"
"0063","2021-12-01 16:06:34 UTC","0","Snow Church","568","330","193.72403051764127"
"0063","2021-12-01 16:06:34 UTC","0","Harvey House","338","79","408.3772765470674"
"0064","2021-12-01 20:47:55 UTC","0","Sauer Center","25","190","627.873394881484"
"0064","2021-12-01 20:47:55 UTC","0","Snow Church","204","91","524.5378918629235"
"0064","2021-12-01 20:47:55 UTC","0","Tobler Museum","113","360","448.37930371505774"
"0064","2021-12-01 20:47:55 UTC","0","Golledge Hall","293","210","282.8462479864281"
"0064","2021-12-01 20:47:55 UTC","0","Lynch Station","628","250","628.7543240407973"
"0064","2021-12-01 20:47:55 UTC","0","Batty House","503","433","502.49079593560714"
"0064","2021-12-01 20:47:55 UTC","0","Harvey House","524","51","491.1781754109195"
"0064","2021-12-01 20:47:55 UTC","0","Harris Hall","610","135","405.3467651283281"
"0065","2021-12-02 15:52:42 UTC","0","Golledge Hall","404","402","194.7331507473753"
"0065","2021-12-02 15:52:42 UTC","0","Snow Church","170","387","575.5345341506451"
"0065","2021-12-02 15:52:42 UTC","0","Lynch Station","641","348","667.6952897841949"
"0065","2021-12-02 15:52:42 UTC","0","Sauer Center","226","203","445.4267616567285"
"0065","2021-12-02 15:52:42 UTC","0","Harvey House","109","243","304.6128690649822"
"0065","2021-12-02 15:52:42 UTC","0","Harris Hall","464","284","255.66579747787932"
"0065","2021-12-02 15:52:42 UTC","0","Batty House","739","270","712.0028089832231"
"0065","2021-12-02 15:52:42 UTC","0","Tobler Museum","659","160","170.29386365926402"
"0066","2021-12-02 20:25:02 UTC","0","Golledge Hall","161","23","483.97623908617663"
"0066","2021-12-02 20:25:02 UTC","0","Snow Church","13","219","703.1393887416634"
"0066","2021-12-02 20:25:02 UTC","0","Sauer Center","133","329","589.1010100144117"
"0066","2021-12-02 20:25:02 UTC","0","Tobler Museum","375","303","216.0671192014185"
"0066","2021-12-02 20:25:02 UTC","0","Lynch Station","625","91","613.8876118639307"
"0066","2021-12-02 20:25:02 UTC","0","Harris Hall","527","248","312.7746792820672"
"0066","2021-12-02 20:25:02 UTC","0","Harvey House","313","36","449.40182465139145"
"0066","2021-12-02 20:25:02 UTC","0","Batty House","573","53","588.2830951166284"
"0067","2021-12-03 14:55:57 UTC","0","Batty House","44","482","210.68697159530296"
"0067","2021-12-03 14:55:57 UTC","0","Lynch Station","21","332","208.19462048765814"
"0067","2021-12-03 14:55:57 UTC","0","Harris Hall","257","335","116.81181447096864"
"0067","2021-12-03 14:55:57 UTC","0","Harvey House","468","460","175.78680269007683"
"0067","2021-12-03 14:55:57 UTC","0","Golledge Hall","599","346","65.19202405202648"
"0067","2021-12-03 14:55:57 UTC","0","Snow Church","701","247","44.598206241955516"
"0067","2021-12-03 14:55:57 UTC","0","Sauer Center","592","31","42.01190307520001"
"0067","2021-12-03 14:55:57 UTC","0","Tobler Museum","468","217","98.2344135219425"
"0068","2021-12-03 16:23:16 UTC","0","Tobler Museum","616","212","152.41062955056645"
"0068","2021-12-03 16:23:16 UTC","0","Sauer Center","647","340","335.72161086233336"
"0068","2021-12-03 16:23:16 UTC","0","Snow Church","493","461","339.50699550966544"
"0068","2021-12-03 16:23:16 UTC","0","Golledge Hall","379","305","185.52897347853784"
"0068","2021-12-03 16:23:16 UTC","0","Lynch Station","75","24","118.1905241548577"
"0068","2021-12-03 16:23:16 UTC","0","Batty House","17","33","239.2091135387613"
"0068","2021-12-03 16:23:16 UTC","0","Harris Hall","141","226","74.0"
"0068","2021-12-03 16:23:16 UTC","0","Harvey House","302","145","340.0941046239996"
"0069","2021-12-03 19:32:35 UTC","0","Harris Hall","712","220","497.03621598430834"
"0069","2021-12-03 19:32:35 UTC","0","Harvey House","25","467","269.60155785900054"
"0069","2021-12-03 19:32:35 UTC","0","Lynch Station","365","214","364.29246492344583"
"0069","2021-12-03 19:32:35 UTC","0","Batty House","108","278","81.2219182240853"
"0069","2021-12-03 19:32:35 UTC","0","Snow Church","257","334","476.78296949450703"
"0069","2021-12-03 19:32:35 UTC","0","Golledge Hall","321","24","361.0235449385538"
"0069","2021-12-03 19:32:35 UTC","0","Sauer Center","475","409","430.9477926617098"
"0069","2021-12-03 19:32:35 UTC","0","Tobler Museum","662","505","418.6287137786896"
"0071","2021-12-06 17:57:19 UTC","0","Batty House","31","209","63.12685640834652"
"0071","2021-12-06 17:57:19 UTC","0","Lynch Station","16","24","100.07996802557443"
"0071","2021-12-06 17:57:19 UTC","0","Harris Hall","224","179","47.853944456021594"
"0071","2021-12-06 17:57:19 UTC","0","Harvey House","285","431","54.74486277268398"
"0071","2021-12-06 17:57:19 UTC","0","Sauer Center","508","22","118.2285921425101"
"0071","2021-12-06 17:57:19 UTC","0","Tobler Museum","369","126","124.06449935416659"
"0071","2021-12-06 17:57:19 UTC","0","Golledge Hall","531","309","37.589892258425"
"0071","2021-12-06 17:57:19 UTC","0","Snow Church","706","146","59.841457201508724"
"0072","2021-12-06 19:22:22 UTC","0","Batty House","59","484","214.40149253211834"
"0072","2021-12-06 19:22:22 UTC","0","Lynch Station","5","297","173.1415605797753"
"0072","2021-12-06 19:22:22 UTC","0","Harvey House","409","407","138.95682782792647"
"0072","2021-12-06 19:22:22 UTC","0","Harris Hall","255","299","83.24061508662703"
"0072","2021-12-06 19:22:22 UTC","0","Golledge Hall","535","217","79.47955712005447"
"0072","2021-12-06 19:22:22 UTC","0","Tobler Museum","336","92","159.84054554461454"
"0072","2021-12-06 19:22:22 UTC","0","Snow Church","695","124","83.67795408588812"
"0072","2021-12-06 19:22:22 UTC","0","Sauer Center","522","11","103.1746092796091"
"0073","2021-12-06 21:27:44 UTC","0","Golledge Hall","108","15","533.0215755483074"
"0073","2021-12-06 21:27:44 UTC","0","Snow Church","237","113","487.7550614806575"
"0073","2021-12-06 21:27:44 UTC","0","Lynch Station","38","431","308.09901006007794"
"0073","2021-12-06 21:27:44 UTC","0","Harvey House","32","279","333.2866633995426"
"0073","2021-12-06 21:27:44 UTC","0","Batty House","19","30","242.1321952983535"
"0073","2021-12-06 21:27:44 UTC","0","Harris Hall","344","368","191.84629264074925"
"0073","2021-12-06 21:27:44 UTC","0","Sauer Center","51","130","587.4529768415512"
"0073","2021-12-06 21:27:44 UTC","0","Tobler Museum","248","455","413.417464556107"
"0074","2022-02-16 17:50:50 UTC","0","Lynch Station","194","419","346.62515777133086"
"0074","2022-02-16 17:50:50 UTC","0","Batty House","28","478","206.0024271701671"
"0074","2022-02-16 17:50:50 UTC","0","Sauer Center","230","92","404.46755123248147"
"0074","2022-02-16 17:50:50 UTC","0","Tobler Museum","100","249","413.01089574005186"
"0074","2022-02-16 17:50:50 UTC","0","Golledge Hall","449","278","115.73245007343446"
"0074","2022-02-16 17:50:50 UTC","0","Snow Church","419","120","308.92393885874236"
"0074","2022-02-16 17:50:50 UTC","0","Harvey House","712","182","516.2683410785519"
"0074","2022-02-16 17:50:50 UTC","0","Harris Hall","43","64","236.2794955132586"
"0075","2022-02-18 18:13:35 UTC","0","Sauer Center","532","21","94.36630754670864"
"0075","2022-02-18 18:13:35 UTC","0","Snow Church","631","202","85.05292469985967"
"0075","2022-02-18 18:13:35 UTC","0","Tobler Museum","351","55","157.01273833673497"
"0075","2022-02-18 18:13:35 UTC","0","Golledge Hall","264","379","312.6403684747061"
"0075","2022-02-18 18:13:35 UTC","0","Lynch Station","21","266","142.28492541376264"
"0075","2022-02-18 18:13:35 UTC","0","Harvey House","546","461","253.14027731674784"
"0075","2022-02-18 18:13:35 UTC","0","Batty House","86","430","168.65645555388622"
"0075","2022-02-18 18:13:35 UTC","0","Harris Hall","409","224","194.0103090044444"
"0076","2022-02-18 19:11:35 UTC","0","Lynch Station","103","186","110.11357772772621"
"0076","2022-02-18 19:11:35 UTC","0","Batty House","95","371","120.10412149464314"
"0076","2022-02-18 19:11:35 UTC","0","Harris Hall","328","241","113.99122773266372"
"0076","2022-02-18 19:11:35 UTC","0","Harvey House","284","488","10.44030650891055"
"0076","2022-02-18 19:11:35 UTC","0","Golledge Hall","534","202","93.92017887546851"
"0076","2022-02-18 19:11:35 UTC","0","Tobler Museum","389","125","104.04326023342406"
"0076","2022-02-18 19:11:35 UTC","0","Sauer Center","579","10","46.2709412050371"
"0076","2022-02-18 19:11:35 UTC","0","Snow Church","695","162","47.853944456021594"
"0077","2022-02-21 16:00:54 UTC","0","Batty House","38","393","121.49897118905987"
"0077","2022-02-21 16:00:54 UTC","0","Lynch Station","13","222","98.00510190801293"
"0077","2022-02-21 16:00:54 UTC","0","Snow Church","667","158","67.89698078707183"
"0077","2022-02-21 16:00:54 UTC","0","Sauer Center","526","18","99.84988733093293"
"0077","2022-02-21 16:00:54 UTC","0","Tobler Museum","415","122","78.0"
"0077","2022-02-21 16:00:54 UTC","0","Golledge Hall","534","245","54.91812087098393"
"0077","2022-02-21 16:00:54 UTC","0","Harvey House","399","486","105.00476179678711"
"0077","2022-02-21 16:00:54 UTC","0","Harris Hall","258","320","103.36827366266692"